sample	method	stratum	value	n	called	rate
BMARK_DNA_VIRAL	cenotetaker3	family	Ackermannviridae	1	1	1.0
BMARK_DNA_VIRAL	cenotetaker3	family	Adamaviridae	5	4	0.8
BMARK_DNA_VIRAL	cenotetaker3	family	Adenoviridae	15	15	1.0
BMARK_DNA_VIRAL	cenotetaker3	family	Alloherpesviridae	2	2	1.0
BMARK_DNA_VIRAL	cenotetaker3	family	Allomimiviridae	1	1	1.0
BMARK_DNA_VIRAL	cenotetaker3	family	Alphagokushoviridae	2	2	1.0
BMARK_DNA_VIRAL	cenotetaker3	family	Alphasatellitidae	21	21	1.0
BMARK_DNA_VIRAL	cenotetaker3	family	Andersonviridae	1	1	1.0
BMARK_DNA_VIRAL	cenotetaker3	family	Anelloviridae	35	35	1.0
BMARK_DNA_VIRAL	cenotetaker3	family	Autonotataviridae	1	1	1.0
BMARK_DNA_VIRAL	cenotetaker3	family	Autoscriptoviridae	7	7	1.0
BMARK_DNA_VIRAL	cenotetaker3	family	Autosignataviridae	3	3	1.0
BMARK_DNA_VIRAL	cenotetaker3	family	Autotranscriptaviridae	4	4	1.0
BMARK_DNA_VIRAL	cenotetaker3	family	Baculoviridae	10	10	1.0
BMARK_DNA_VIRAL	cenotetaker3	family	Berryhillviridae	2	2	1.0
BMARK_DNA_VIRAL	cenotetaker3	family	Betagokushoviridae	2	2	1.0
BMARK_DNA_VIRAL	cenotetaker3	family	Caulimoviridae	29	1	0.034482758620689655
BMARK_DNA_VIRAL	cenotetaker3	family	Chicoviridae	1	1	1.0
BMARK_DNA_VIRAL	cenotetaker3	family	Circoviridae	8	8	1.0
BMARK_DNA_VIRAL	cenotetaker3	family	Colingsworthviridae	1	1	1.0
BMARK_DNA_VIRAL	cenotetaker3	family	Crevaviridae	1	1	1.0
BMARK_DNA_VIRAL	cenotetaker3	family	Darmviridae	1	1	1.0
BMARK_DNA_VIRAL	cenotetaker3	family	Demerecviridae	2	2	1.0
BMARK_DNA_VIRAL	cenotetaker3	family	Draupnirviridae	4	4	1.0
BMARK_DNA_VIRAL	cenotetaker3	family	Drexlerviridae	7	7	1.0
BMARK_DNA_VIRAL	cenotetaker3	family	Eubullaviridae	4	4	1.0
BMARK_DNA_VIRAL	cenotetaker3	family	Finnlakeviridae	1	0	0.0
BMARK_DNA_VIRAL	cenotetaker3	family	Fuselloviridae	1	1	1.0
BMARK_DNA_VIRAL	cenotetaker3	family	Gandrviridae	1	1	1.0
BMARK_DNA_VIRAL	cenotetaker3	family	Geminiviridae	44	44	1.0
BMARK_DNA_VIRAL	cenotetaker3	family	Genomoviridae	11	11	1.0
BMARK_DNA_VIRAL	cenotetaker3	family	Geplanaviridae	1	1	1.0
BMARK_DNA_VIRAL	cenotetaker3	family	Grimontviridae	2	2	1.0
BMARK_DNA_VIRAL	cenotetaker3	family	Groupodiviridae	1	1	1.0
BMARK_DNA_VIRAL	cenotetaker3	family	Halicoviridae	1	0	0.0
BMARK_DNA_VIRAL	cenotetaker3	family	Halspiviridae	1	1	1.0
BMARK_DNA_VIRAL	cenotetaker3	family	Hepadnaviridae	4	0	0.0
BMARK_DNA_VIRAL	cenotetaker3	family	Herelleviridae	3	3	1.0
BMARK_DNA_VIRAL	cenotetaker3	family	Hodgkinviridae	2	2	1.0
BMARK_DNA_VIRAL	cenotetaker3	family	Huangdiviridae	1	1	1.0
BMARK_DNA_VIRAL	cenotetaker3	family	Inoviridae	24	24	1.0
BMARK_DNA_VIRAL	cenotetaker3	family	Iridoviridae	1	1	1.0
BMARK_DNA_VIRAL	cenotetaker3	family	Jeanschmidtviridae	1	1	1.0
BMARK_DNA_VIRAL	cenotetaker3	family	Kanorauviridae	2	2	1.0
BMARK_DNA_VIRAL	cenotetaker3	family	Kirkoviridae	1	1	1.0
BMARK_DNA_VIRAL	cenotetaker3	family	Konodaiviridae	1	1	1.0
BMARK_DNA_VIRAL	cenotetaker3	family	Lindbergviridae	2	2	1.0
BMARK_DNA_VIRAL	cenotetaker3	family	Lipothrixviridae	2	2	1.0
BMARK_DNA_VIRAL	cenotetaker3	family	Luriaviridae	1	1	1.0
BMARK_DNA_VIRAL	cenotetaker3	family	Madisaviridae	1	1	1.0
BMARK_DNA_VIRAL	cenotetaker3	family	Mesomimiviridae	2	2	1.0
BMARK_DNA_VIRAL	cenotetaker3	family	Mesyanzhinovviridae	1	1	1.0
BMARK_DNA_VIRAL	cenotetaker3	family	Metaxyviridae	4	3	0.75
BMARK_DNA_VIRAL	cenotetaker3	family	Mimiviridae	1	1	1.0
BMARK_DNA_VIRAL	cenotetaker3	family	Mtkvariviridae	1	1	1.0
BMARK_DNA_VIRAL	cenotetaker3	family	Nanopleoviridae	1	1	1.0
BMARK_DNA_VIRAL	cenotetaker3	family	Nanoviridae	24	4	0.16666666666666666
BMARK_DNA_VIRAL	cenotetaker3	family	Naryaviridae	1	1	1.0
BMARK_DNA_VIRAL	cenotetaker3	family	Nenyaviridae	3	3	1.0
BMARK_DNA_VIRAL	cenotetaker3	family	Nipumfusiviridae	3	2	0.6666666666666666
BMARK_DNA_VIRAL	cenotetaker3	family	Nudiviridae	4	4	1.0
BMARK_DNA_VIRAL	cenotetaker3	family	Obscuriviridae	2	2	1.0
BMARK_DNA_VIRAL	cenotetaker3	family	Omnilimnoviroviridae	1	1	1.0
BMARK_DNA_VIRAL	cenotetaker3	family	Oomyviridae	4	4	1.0
BMARK_DNA_VIRAL	cenotetaker3	family	Orthoherpesviridae	3	3	1.0
BMARK_DNA_VIRAL	cenotetaker3	family	Osikeviridae	1	1	1.0
BMARK_DNA_VIRAL	cenotetaker3	family	Ouroboviridae	2	2	1.0
BMARK_DNA_VIRAL	cenotetaker3	family	Papillomaviridae	15	15	1.0
BMARK_DNA_VIRAL	cenotetaker3	family	Parvoviridae	30	30	1.0
BMARK_DNA_VIRAL	cenotetaker3	family	Paulinoviridae	1	1	1.0
BMARK_DNA_VIRAL	cenotetaker3	family	Pecoviridae	1	1	1.0
BMARK_DNA_VIRAL	cenotetaker3	family	Peduoviridae	2	2	1.0
BMARK_DNA_VIRAL	cenotetaker3	family	Phypoliviridae	1	1	1.0
BMARK_DNA_VIRAL	cenotetaker3	family	Piccoloviridae	1	1	1.0
BMARK_DNA_VIRAL	cenotetaker3	family	Pichoviridae	2	2	1.0
BMARK_DNA_VIRAL	cenotetaker3	family	Pituviridae	1	1	1.0
BMARK_DNA_VIRAL	cenotetaker3	family	Pleolipoviridae	8	8	1.0
BMARK_DNA_VIRAL	cenotetaker3	family	Polyomaviridae	10	10	1.0
BMARK_DNA_VIRAL	cenotetaker3	family	Poxviridae	7	7	1.0
BMARK_DNA_VIRAL	cenotetaker3	family	Rountreeviridae	1	1	1.0
BMARK_DNA_VIRAL	cenotetaker3	family	Rudiviridae	5	5	1.0
BMARK_DNA_VIRAL	cenotetaker3	family	Sarkviridae	2	2	1.0
BMARK_DNA_VIRAL	cenotetaker3	family	Schitoviridae	2	2	1.0
BMARK_DNA_VIRAL	cenotetaker3	family	Simuloviridae	1	0	0.0
BMARK_DNA_VIRAL	cenotetaker3	family	Smacoviridae	6	6	1.0
BMARK_DNA_VIRAL	cenotetaker3	family	Sphaerolipoviridae	3	3	1.0
BMARK_DNA_VIRAL	cenotetaker3	family	Straboviridae	5	5	1.0
BMARK_DNA_VIRAL	cenotetaker3	family	Sukshmaviridae	1	1	1.0
BMARK_DNA_VIRAL	cenotetaker3	family	Suoliviridae	2	2	1.0
BMARK_DNA_VIRAL	cenotetaker3	family	Tainaviridae	1	1	1.0
BMARK_DNA_VIRAL	cenotetaker3	family	Thalassapleoviridae	2	2	1.0
BMARK_DNA_VIRAL	cenotetaker3	family	Thaspiviridae	1	1	1.0
BMARK_DNA_VIRAL	cenotetaker3	family	Tolecusatellitidae	26	0	0.0
BMARK_DNA_VIRAL	cenotetaker3	family	Tristromaviridae	2	0	0.0
BMARK_DNA_VIRAL	cenotetaker3	family	Umezonoviridae	2	2	1.0
BMARK_DNA_VIRAL	cenotetaker3	family	Vandenendeviridae	3	3	1.0
BMARK_DNA_VIRAL	cenotetaker3	family	Vilmaviridae	1	1	1.0
BMARK_DNA_VIRAL	cenotetaker3	family	Vilyaviridae	2	2	1.0
BMARK_DNA_VIRAL	cenotetaker3	family	Zierdtviridae	2	2	1.0
BMARK_DNA_VIRAL	cenotetaker3	family	Zobellviridae	1	1	1.0
BMARK_DNA_VIRAL	cenotetaker3	family	unclassified	51	51	1.0
BMARK_DNA_VIRAL	cenotetaker3	genome_type	dsDNA	225	217	0.9644444444444444
BMARK_DNA_VIRAL	cenotetaker3	genome_type	dsDNA-RT	30	1	0.03333333333333333
BMARK_DNA_VIRAL	cenotetaker3	genome_type	ssDNA	48	41	0.8541666666666666
BMARK_DNA_VIRAL	cenotetaker3	genome_type	ssDNA(+)	71	50	0.704225352112676
BMARK_DNA_VIRAL	cenotetaker3	genome_type	ssDNA(+/-)	120	119	0.9916666666666667
BMARK_DNA_VIRAL	cenotetaker3	genome_type	ssDNA(-)	45	25	0.5555555555555556
BMARK_DNA_VIRAL	cenotetaker3	host_source	archaea	33	28	0.8484848484848485
BMARK_DNA_VIRAL	cenotetaker3	host_source	bacteria	164	163	0.9939024390243902
BMARK_DNA_VIRAL	cenotetaker3	host_source	freshwater (S)	2	2	1.0
BMARK_DNA_VIRAL	cenotetaker3	host_source	invertebrates	30	30	1.0
BMARK_DNA_VIRAL	cenotetaker3	host_source	invertebrates, vertebrates	5	5	1.0
BMARK_DNA_VIRAL	cenotetaker3	host_source	marine (S)	2	2	1.0
BMARK_DNA_VIRAL	cenotetaker3	host_source	plants	150	75	0.5
BMARK_DNA_VIRAL	cenotetaker3	host_source	protists	5	5	1.0
BMARK_DNA_VIRAL	cenotetaker3	host_source	protists (S)	4	4	1.0
BMARK_DNA_VIRAL	cenotetaker3	host_source	sewage (S)	1	1	1.0
BMARK_DNA_VIRAL	cenotetaker3	host_source	unknown (S)	6	6	1.0
BMARK_DNA_VIRAL	cenotetaker3	host_source	vertebrates	137	132	0.9635036496350365
BMARK_DNA_VIRAL	deepmicroclass2	family	Ackermannviridae	1	0	0.0
BMARK_DNA_VIRAL	deepmicroclass2	family	Adamaviridae	5	2	0.4
BMARK_DNA_VIRAL	deepmicroclass2	family	Adenoviridae	15	13	0.8666666666666667
BMARK_DNA_VIRAL	deepmicroclass2	family	Alloherpesviridae	2	2	1.0
BMARK_DNA_VIRAL	deepmicroclass2	family	Allomimiviridae	1	0	0.0
BMARK_DNA_VIRAL	deepmicroclass2	family	Alphagokushoviridae	2	1	0.5
BMARK_DNA_VIRAL	deepmicroclass2	family	Alphasatellitidae	21	5	0.23809523809523808
BMARK_DNA_VIRAL	deepmicroclass2	family	Andersonviridae	1	0	0.0
BMARK_DNA_VIRAL	deepmicroclass2	family	Anelloviridae	35	16	0.45714285714285713
BMARK_DNA_VIRAL	deepmicroclass2	family	Autonotataviridae	1	0	0.0
BMARK_DNA_VIRAL	deepmicroclass2	family	Autoscriptoviridae	7	3	0.42857142857142855
BMARK_DNA_VIRAL	deepmicroclass2	family	Autosignataviridae	3	0	0.0
BMARK_DNA_VIRAL	deepmicroclass2	family	Autotranscriptaviridae	4	3	0.75
BMARK_DNA_VIRAL	deepmicroclass2	family	Baculoviridae	10	10	1.0
BMARK_DNA_VIRAL	deepmicroclass2	family	Berryhillviridae	2	0	0.0
BMARK_DNA_VIRAL	deepmicroclass2	family	Betagokushoviridae	2	1	0.5
BMARK_DNA_VIRAL	deepmicroclass2	family	Caulimoviridae	29	9	0.3103448275862069
BMARK_DNA_VIRAL	deepmicroclass2	family	Chicoviridae	1	0	0.0
BMARK_DNA_VIRAL	deepmicroclass2	family	Circoviridae	8	2	0.25
BMARK_DNA_VIRAL	deepmicroclass2	family	Colingsworthviridae	1	0	0.0
BMARK_DNA_VIRAL	deepmicroclass2	family	Crevaviridae	1	0	0.0
BMARK_DNA_VIRAL	deepmicroclass2	family	Darmviridae	1	0	0.0
BMARK_DNA_VIRAL	deepmicroclass2	family	Demerecviridae	2	0	0.0
BMARK_DNA_VIRAL	deepmicroclass2	family	Draupnirviridae	4	0	0.0
BMARK_DNA_VIRAL	deepmicroclass2	family	Drexlerviridae	7	0	0.0
BMARK_DNA_VIRAL	deepmicroclass2	family	Eubullaviridae	4	0	0.0
BMARK_DNA_VIRAL	deepmicroclass2	family	Finnlakeviridae	1	0	0.0
BMARK_DNA_VIRAL	deepmicroclass2	family	Fuselloviridae	1	0	0.0
BMARK_DNA_VIRAL	deepmicroclass2	family	Gandrviridae	1	0	0.0
BMARK_DNA_VIRAL	deepmicroclass2	family	Geminiviridae	44	16	0.36363636363636365
BMARK_DNA_VIRAL	deepmicroclass2	family	Genomoviridae	11	0	0.0
BMARK_DNA_VIRAL	deepmicroclass2	family	Geplanaviridae	1	0	0.0
BMARK_DNA_VIRAL	deepmicroclass2	family	Grimontviridae	2	0	0.0
BMARK_DNA_VIRAL	deepmicroclass2	family	Groupodiviridae	1	0	0.0
BMARK_DNA_VIRAL	deepmicroclass2	family	Halicoviridae	1	0	0.0
BMARK_DNA_VIRAL	deepmicroclass2	family	Halspiviridae	1	0	0.0
BMARK_DNA_VIRAL	deepmicroclass2	family	Hepadnaviridae	4	4	1.0
BMARK_DNA_VIRAL	deepmicroclass2	family	Herelleviridae	3	0	0.0
BMARK_DNA_VIRAL	deepmicroclass2	family	Hodgkinviridae	2	0	0.0
BMARK_DNA_VIRAL	deepmicroclass2	family	Huangdiviridae	1	0	0.0
BMARK_DNA_VIRAL	deepmicroclass2	family	Inoviridae	24	0	0.0
BMARK_DNA_VIRAL	deepmicroclass2	family	Iridoviridae	1	1	1.0
BMARK_DNA_VIRAL	deepmicroclass2	family	Jeanschmidtviridae	1	0	0.0
BMARK_DNA_VIRAL	deepmicroclass2	family	Kanorauviridae	2	1	0.5
BMARK_DNA_VIRAL	deepmicroclass2	family	Kirkoviridae	1	0	0.0
BMARK_DNA_VIRAL	deepmicroclass2	family	Konodaiviridae	1	0	0.0
BMARK_DNA_VIRAL	deepmicroclass2	family	Lindbergviridae	2	0	0.0
BMARK_DNA_VIRAL	deepmicroclass2	family	Lipothrixviridae	2	0	0.0
BMARK_DNA_VIRAL	deepmicroclass2	family	Luriaviridae	1	0	0.0
BMARK_DNA_VIRAL	deepmicroclass2	family	Madisaviridae	1	0	0.0
BMARK_DNA_VIRAL	deepmicroclass2	family	Mesomimiviridae	2	1	0.5
BMARK_DNA_VIRAL	deepmicroclass2	family	Mesyanzhinovviridae	1	0	0.0
BMARK_DNA_VIRAL	deepmicroclass2	family	Metaxyviridae	4	0	0.0
BMARK_DNA_VIRAL	deepmicroclass2	family	Mimiviridae	1	1	1.0
BMARK_DNA_VIRAL	deepmicroclass2	family	Mtkvariviridae	1	0	0.0
BMARK_DNA_VIRAL	deepmicroclass2	family	Nanopleoviridae	1	0	0.0
BMARK_DNA_VIRAL	deepmicroclass2	family	Nanoviridae	24	0	0.0
BMARK_DNA_VIRAL	deepmicroclass2	family	Naryaviridae	1	0	0.0
BMARK_DNA_VIRAL	deepmicroclass2	family	Nenyaviridae	3	2	0.6666666666666666
BMARK_DNA_VIRAL	deepmicroclass2	family	Nipumfusiviridae	3	0	0.0
BMARK_DNA_VIRAL	deepmicroclass2	family	Nudiviridae	4	2	0.5
BMARK_DNA_VIRAL	deepmicroclass2	family	Obscuriviridae	2	0	0.0
BMARK_DNA_VIRAL	deepmicroclass2	family	Omnilimnoviroviridae	1	0	0.0
BMARK_DNA_VIRAL	deepmicroclass2	family	Oomyviridae	4	0	0.0
BMARK_DNA_VIRAL	deepmicroclass2	family	Orthoherpesviridae	3	2	0.6666666666666666
BMARK_DNA_VIRAL	deepmicroclass2	family	Osikeviridae	1	0	0.0
BMARK_DNA_VIRAL	deepmicroclass2	family	Ouroboviridae	2	0	0.0
BMARK_DNA_VIRAL	deepmicroclass2	family	Papillomaviridae	15	14	0.9333333333333333
BMARK_DNA_VIRAL	deepmicroclass2	family	Parvoviridae	30	26	0.8666666666666667
BMARK_DNA_VIRAL	deepmicroclass2	family	Paulinoviridae	1	0	0.0
BMARK_DNA_VIRAL	deepmicroclass2	family	Pecoviridae	1	0	0.0
BMARK_DNA_VIRAL	deepmicroclass2	family	Peduoviridae	2	0	0.0
BMARK_DNA_VIRAL	deepmicroclass2	family	Phypoliviridae	1	0	0.0
BMARK_DNA_VIRAL	deepmicroclass2	family	Piccoloviridae	1	0	0.0
BMARK_DNA_VIRAL	deepmicroclass2	family	Pichoviridae	2	2	1.0
BMARK_DNA_VIRAL	deepmicroclass2	family	Pituviridae	1	0	0.0
BMARK_DNA_VIRAL	deepmicroclass2	family	Pleolipoviridae	8	0	0.0
BMARK_DNA_VIRAL	deepmicroclass2	family	Polyomaviridae	10	8	0.8
BMARK_DNA_VIRAL	deepmicroclass2	family	Poxviridae	7	7	1.0
BMARK_DNA_VIRAL	deepmicroclass2	family	Rountreeviridae	1	0	0.0
BMARK_DNA_VIRAL	deepmicroclass2	family	Rudiviridae	5	0	0.0
BMARK_DNA_VIRAL	deepmicroclass2	family	Sarkviridae	2	0	0.0
BMARK_DNA_VIRAL	deepmicroclass2	family	Schitoviridae	2	0	0.0
BMARK_DNA_VIRAL	deepmicroclass2	family	Simuloviridae	1	0	0.0
BMARK_DNA_VIRAL	deepmicroclass2	family	Smacoviridae	6	0	0.0
BMARK_DNA_VIRAL	deepmicroclass2	family	Sphaerolipoviridae	3	0	0.0
BMARK_DNA_VIRAL	deepmicroclass2	family	Straboviridae	5	0	0.0
BMARK_DNA_VIRAL	deepmicroclass2	family	Sukshmaviridae	1	1	1.0
BMARK_DNA_VIRAL	deepmicroclass2	family	Suoliviridae	2	0	0.0
BMARK_DNA_VIRAL	deepmicroclass2	family	Tainaviridae	1	0	0.0
BMARK_DNA_VIRAL	deepmicroclass2	family	Thalassapleoviridae	2	0	0.0
BMARK_DNA_VIRAL	deepmicroclass2	family	Thaspiviridae	1	0	0.0
BMARK_DNA_VIRAL	deepmicroclass2	family	Tolecusatellitidae	26	0	0.0
BMARK_DNA_VIRAL	deepmicroclass2	family	Tristromaviridae	2	0	0.0
BMARK_DNA_VIRAL	deepmicroclass2	family	Umezonoviridae	2	0	0.0
BMARK_DNA_VIRAL	deepmicroclass2	family	Vandenendeviridae	3	0	0.0
BMARK_DNA_VIRAL	deepmicroclass2	family	Vilmaviridae	1	0	0.0
BMARK_DNA_VIRAL	deepmicroclass2	family	Vilyaviridae	2	0	0.0
BMARK_DNA_VIRAL	deepmicroclass2	family	Zierdtviridae	2	0	0.0
BMARK_DNA_VIRAL	deepmicroclass2	family	Zobellviridae	1	0	0.0
BMARK_DNA_VIRAL	deepmicroclass2	family	unclassified	51	0	0.0
BMARK_DNA_VIRAL	deepmicroclass2	genome_type	dsDNA	225	67	0.29777777777777775
BMARK_DNA_VIRAL	deepmicroclass2	genome_type	dsDNA-RT	30	13	0.43333333333333335
BMARK_DNA_VIRAL	deepmicroclass2	genome_type	ssDNA	48	24	0.5
BMARK_DNA_VIRAL	deepmicroclass2	genome_type	ssDNA(+)	71	11	0.15492957746478872
BMARK_DNA_VIRAL	deepmicroclass2	genome_type	ssDNA(+/-)	120	28	0.23333333333333334
BMARK_DNA_VIRAL	deepmicroclass2	genome_type	ssDNA(-)	45	12	0.26666666666666666
BMARK_DNA_VIRAL	deepmicroclass2	host_source	archaea	33	0	0.0
BMARK_DNA_VIRAL	deepmicroclass2	host_source	bacteria	164	11	0.06707317073170732
BMARK_DNA_VIRAL	deepmicroclass2	host_source	freshwater (S)	2	1	0.5
BMARK_DNA_VIRAL	deepmicroclass2	host_source	invertebrates	30	17	0.5666666666666667
BMARK_DNA_VIRAL	deepmicroclass2	host_source	invertebrates, vertebrates	5	1	0.2
BMARK_DNA_VIRAL	deepmicroclass2	host_source	marine (S)	2	0	0.0
BMARK_DNA_VIRAL	deepmicroclass2	host_source	plants	150	30	0.2
BMARK_DNA_VIRAL	deepmicroclass2	host_source	protists	5	2	0.4
BMARK_DNA_VIRAL	deepmicroclass2	host_source	protists (S)	4	2	0.5
BMARK_DNA_VIRAL	deepmicroclass2	host_source	sewage (S)	1	0	0.0
BMARK_DNA_VIRAL	deepmicroclass2	host_source	unknown (S)	6	0	0.0
BMARK_DNA_VIRAL	deepmicroclass2	host_source	vertebrates	137	91	0.6642335766423357
BMARK_DNA_VIRAL	genomad	family	Ackermannviridae	1	1	1.0
BMARK_DNA_VIRAL	genomad	family	Adamaviridae	5	3	0.6
BMARK_DNA_VIRAL	genomad	family	Adenoviridae	15	15	1.0
BMARK_DNA_VIRAL	genomad	family	Alloherpesviridae	2	2	1.0
BMARK_DNA_VIRAL	genomad	family	Allomimiviridae	1	1	1.0
BMARK_DNA_VIRAL	genomad	family	Alphagokushoviridae	2	2	1.0
BMARK_DNA_VIRAL	genomad	family	Alphasatellitidae	21	20	0.9523809523809523
BMARK_DNA_VIRAL	genomad	family	Andersonviridae	1	1	1.0
BMARK_DNA_VIRAL	genomad	family	Anelloviridae	35	25	0.7142857142857143
BMARK_DNA_VIRAL	genomad	family	Autonotataviridae	1	1	1.0
BMARK_DNA_VIRAL	genomad	family	Autoscriptoviridae	7	7	1.0
BMARK_DNA_VIRAL	genomad	family	Autosignataviridae	3	3	1.0
BMARK_DNA_VIRAL	genomad	family	Autotranscriptaviridae	4	4	1.0
BMARK_DNA_VIRAL	genomad	family	Baculoviridae	10	10	1.0
BMARK_DNA_VIRAL	genomad	family	Berryhillviridae	2	2	1.0
BMARK_DNA_VIRAL	genomad	family	Betagokushoviridae	2	2	1.0
BMARK_DNA_VIRAL	genomad	family	Caulimoviridae	29	20	0.6896551724137931
BMARK_DNA_VIRAL	genomad	family	Chicoviridae	1	1	1.0
BMARK_DNA_VIRAL	genomad	family	Circoviridae	8	8	1.0
BMARK_DNA_VIRAL	genomad	family	Colingsworthviridae	1	1	1.0
BMARK_DNA_VIRAL	genomad	family	Crevaviridae	1	1	1.0
BMARK_DNA_VIRAL	genomad	family	Darmviridae	1	1	1.0
BMARK_DNA_VIRAL	genomad	family	Demerecviridae	2	2	1.0
BMARK_DNA_VIRAL	genomad	family	Draupnirviridae	4	3	0.75
BMARK_DNA_VIRAL	genomad	family	Drexlerviridae	7	7	1.0
BMARK_DNA_VIRAL	genomad	family	Eubullaviridae	4	4	1.0
BMARK_DNA_VIRAL	genomad	family	Finnlakeviridae	1	1	1.0
BMARK_DNA_VIRAL	genomad	family	Fuselloviridae	1	1	1.0
BMARK_DNA_VIRAL	genomad	family	Gandrviridae	1	1	1.0
BMARK_DNA_VIRAL	genomad	family	Geminiviridae	44	44	1.0
BMARK_DNA_VIRAL	genomad	family	Genomoviridae	11	11	1.0
BMARK_DNA_VIRAL	genomad	family	Geplanaviridae	1	1	1.0
BMARK_DNA_VIRAL	genomad	family	Grimontviridae	2	2	1.0
BMARK_DNA_VIRAL	genomad	family	Groupodiviridae	1	1	1.0
BMARK_DNA_VIRAL	genomad	family	Halicoviridae	1	0	0.0
BMARK_DNA_VIRAL	genomad	family	Halspiviridae	1	1	1.0
BMARK_DNA_VIRAL	genomad	family	Hepadnaviridae	4	4	1.0
BMARK_DNA_VIRAL	genomad	family	Herelleviridae	3	3	1.0
BMARK_DNA_VIRAL	genomad	family	Hodgkinviridae	2	2	1.0
BMARK_DNA_VIRAL	genomad	family	Huangdiviridae	1	1	1.0
BMARK_DNA_VIRAL	genomad	family	Inoviridae	24	24	1.0
BMARK_DNA_VIRAL	genomad	family	Iridoviridae	1	1	1.0
BMARK_DNA_VIRAL	genomad	family	Jeanschmidtviridae	1	1	1.0
BMARK_DNA_VIRAL	genomad	family	Kanorauviridae	2	2	1.0
BMARK_DNA_VIRAL	genomad	family	Kirkoviridae	1	1	1.0
BMARK_DNA_VIRAL	genomad	family	Konodaiviridae	1	1	1.0
BMARK_DNA_VIRAL	genomad	family	Lindbergviridae	2	2	1.0
BMARK_DNA_VIRAL	genomad	family	Lipothrixviridae	2	2	1.0
BMARK_DNA_VIRAL	genomad	family	Luriaviridae	1	1	1.0
BMARK_DNA_VIRAL	genomad	family	Madisaviridae	1	1	1.0
BMARK_DNA_VIRAL	genomad	family	Mesomimiviridae	2	2	1.0
BMARK_DNA_VIRAL	genomad	family	Mesyanzhinovviridae	1	1	1.0
BMARK_DNA_VIRAL	genomad	family	Metaxyviridae	4	1	0.25
BMARK_DNA_VIRAL	genomad	family	Mimiviridae	1	1	1.0
BMARK_DNA_VIRAL	genomad	family	Mtkvariviridae	1	1	1.0
BMARK_DNA_VIRAL	genomad	family	Nanopleoviridae	1	1	1.0
BMARK_DNA_VIRAL	genomad	family	Nanoviridae	24	9	0.375
BMARK_DNA_VIRAL	genomad	family	Naryaviridae	1	0	0.0
BMARK_DNA_VIRAL	genomad	family	Nenyaviridae	3	3	1.0
BMARK_DNA_VIRAL	genomad	family	Nipumfusiviridae	3	3	1.0
BMARK_DNA_VIRAL	genomad	family	Nudiviridae	4	4	1.0
BMARK_DNA_VIRAL	genomad	family	Obscuriviridae	2	2	1.0
BMARK_DNA_VIRAL	genomad	family	Omnilimnoviroviridae	1	1	1.0
BMARK_DNA_VIRAL	genomad	family	Oomyviridae	4	0	0.0
BMARK_DNA_VIRAL	genomad	family	Orthoherpesviridae	3	3	1.0
BMARK_DNA_VIRAL	genomad	family	Osikeviridae	1	1	1.0
BMARK_DNA_VIRAL	genomad	family	Ouroboviridae	2	2	1.0
BMARK_DNA_VIRAL	genomad	family	Papillomaviridae	15	15	1.0
BMARK_DNA_VIRAL	genomad	family	Parvoviridae	30	23	0.7666666666666667
BMARK_DNA_VIRAL	genomad	family	Paulinoviridae	1	0	0.0
BMARK_DNA_VIRAL	genomad	family	Pecoviridae	1	1	1.0
BMARK_DNA_VIRAL	genomad	family	Peduoviridae	2	2	1.0
BMARK_DNA_VIRAL	genomad	family	Phypoliviridae	1	1	1.0
BMARK_DNA_VIRAL	genomad	family	Piccoloviridae	1	1	1.0
BMARK_DNA_VIRAL	genomad	family	Pichoviridae	2	2	1.0
BMARK_DNA_VIRAL	genomad	family	Pituviridae	1	1	1.0
BMARK_DNA_VIRAL	genomad	family	Pleolipoviridae	8	8	1.0
BMARK_DNA_VIRAL	genomad	family	Polyomaviridae	10	9	0.9
BMARK_DNA_VIRAL	genomad	family	Poxviridae	7	7	1.0
BMARK_DNA_VIRAL	genomad	family	Rountreeviridae	1	1	1.0
BMARK_DNA_VIRAL	genomad	family	Rudiviridae	5	5	1.0
BMARK_DNA_VIRAL	genomad	family	Sarkviridae	2	2	1.0
BMARK_DNA_VIRAL	genomad	family	Schitoviridae	2	2	1.0
BMARK_DNA_VIRAL	genomad	family	Simuloviridae	1	0	0.0
BMARK_DNA_VIRAL	genomad	family	Smacoviridae	6	6	1.0
BMARK_DNA_VIRAL	genomad	family	Sphaerolipoviridae	3	3	1.0
BMARK_DNA_VIRAL	genomad	family	Straboviridae	5	5	1.0
BMARK_DNA_VIRAL	genomad	family	Sukshmaviridae	1	1	1.0
BMARK_DNA_VIRAL	genomad	family	Suoliviridae	2	2	1.0
BMARK_DNA_VIRAL	genomad	family	Tainaviridae	1	1	1.0
BMARK_DNA_VIRAL	genomad	family	Thalassapleoviridae	2	0	0.0
BMARK_DNA_VIRAL	genomad	family	Thaspiviridae	1	0	0.0
BMARK_DNA_VIRAL	genomad	family	Tolecusatellitidae	26	0	0.0
BMARK_DNA_VIRAL	genomad	family	Tristromaviridae	2	2	1.0
BMARK_DNA_VIRAL	genomad	family	Umezonoviridae	2	2	1.0
BMARK_DNA_VIRAL	genomad	family	Vandenendeviridae	3	3	1.0
BMARK_DNA_VIRAL	genomad	family	Vilmaviridae	1	1	1.0
BMARK_DNA_VIRAL	genomad	family	Vilyaviridae	2	1	0.5
BMARK_DNA_VIRAL	genomad	family	Zierdtviridae	2	2	1.0
BMARK_DNA_VIRAL	genomad	family	Zobellviridae	1	1	1.0
BMARK_DNA_VIRAL	genomad	family	unclassified	51	51	1.0
BMARK_DNA_VIRAL	genomad	genome_type	dsDNA	225	217	0.9644444444444444
BMARK_DNA_VIRAL	genomad	genome_type	dsDNA-RT	30	23	0.7666666666666667
BMARK_DNA_VIRAL	genomad	genome_type	ssDNA	48	32	0.6666666666666666
BMARK_DNA_VIRAL	genomad	genome_type	ssDNA(+)	71	52	0.7323943661971831
BMARK_DNA_VIRAL	genomad	genome_type	ssDNA(+/-)	120	108	0.9
BMARK_DNA_VIRAL	genomad	genome_type	ssDNA(-)	45	20	0.4444444444444444
BMARK_DNA_VIRAL	genomad	host_source	archaea	33	28	0.8484848484848485
BMARK_DNA_VIRAL	genomad	host_source	bacteria	164	163	0.9939024390243902
BMARK_DNA_VIRAL	genomad	host_source	freshwater (S)	2	2	1.0
BMARK_DNA_VIRAL	genomad	host_source	invertebrates	30	27	0.9
BMARK_DNA_VIRAL	genomad	host_source	invertebrates, vertebrates	5	1	0.2
BMARK_DNA_VIRAL	genomad	host_source	marine (S)	2	2	1.0
BMARK_DNA_VIRAL	genomad	host_source	plants	150	96	0.64
BMARK_DNA_VIRAL	genomad	host_source	protists	5	5	1.0
BMARK_DNA_VIRAL	genomad	host_source	protists (S)	4	3	0.75
BMARK_DNA_VIRAL	genomad	host_source	sewage (S)	1	1	1.0
BMARK_DNA_VIRAL	genomad	host_source	unknown (S)	6	6	1.0
BMARK_DNA_VIRAL	genomad	host_source	vertebrates	137	118	0.8613138686131386
BMARK_DNA_VIRAL	gianthunter	family	Ackermannviridae	1	0	0.0
BMARK_DNA_VIRAL	gianthunter	family	Adamaviridae	5	0	0.0
BMARK_DNA_VIRAL	gianthunter	family	Adenoviridae	15	0	0.0
BMARK_DNA_VIRAL	gianthunter	family	Alloherpesviridae	2	0	0.0
BMARK_DNA_VIRAL	gianthunter	family	Allomimiviridae	1	1	1.0
BMARK_DNA_VIRAL	gianthunter	family	Alphagokushoviridae	2	0	0.0
BMARK_DNA_VIRAL	gianthunter	family	Alphasatellitidae	21	0	0.0
BMARK_DNA_VIRAL	gianthunter	family	Andersonviridae	1	0	0.0
BMARK_DNA_VIRAL	gianthunter	family	Anelloviridae	35	0	0.0
BMARK_DNA_VIRAL	gianthunter	family	Autonotataviridae	1	0	0.0
BMARK_DNA_VIRAL	gianthunter	family	Autoscriptoviridae	7	0	0.0
BMARK_DNA_VIRAL	gianthunter	family	Autosignataviridae	3	0	0.0
BMARK_DNA_VIRAL	gianthunter	family	Autotranscriptaviridae	4	0	0.0
BMARK_DNA_VIRAL	gianthunter	family	Baculoviridae	10	9	0.9
BMARK_DNA_VIRAL	gianthunter	family	Berryhillviridae	2	0	0.0
BMARK_DNA_VIRAL	gianthunter	family	Betagokushoviridae	2	0	0.0
BMARK_DNA_VIRAL	gianthunter	family	Caulimoviridae	29	0	0.0
BMARK_DNA_VIRAL	gianthunter	family	Chicoviridae	1	0	0.0
BMARK_DNA_VIRAL	gianthunter	family	Circoviridae	8	0	0.0
BMARK_DNA_VIRAL	gianthunter	family	Colingsworthviridae	1	0	0.0
BMARK_DNA_VIRAL	gianthunter	family	Crevaviridae	1	0	0.0
BMARK_DNA_VIRAL	gianthunter	family	Darmviridae	1	0	0.0
BMARK_DNA_VIRAL	gianthunter	family	Demerecviridae	2	0	0.0
BMARK_DNA_VIRAL	gianthunter	family	Draupnirviridae	4	1	0.25
BMARK_DNA_VIRAL	gianthunter	family	Drexlerviridae	7	0	0.0
BMARK_DNA_VIRAL	gianthunter	family	Eubullaviridae	4	0	0.0
BMARK_DNA_VIRAL	gianthunter	family	Finnlakeviridae	1	0	0.0
BMARK_DNA_VIRAL	gianthunter	family	Fuselloviridae	1	0	0.0
BMARK_DNA_VIRAL	gianthunter	family	Gandrviridae	1	0	0.0
BMARK_DNA_VIRAL	gianthunter	family	Geminiviridae	44	0	0.0
BMARK_DNA_VIRAL	gianthunter	family	Genomoviridae	11	0	0.0
BMARK_DNA_VIRAL	gianthunter	family	Geplanaviridae	1	0	0.0
BMARK_DNA_VIRAL	gianthunter	family	Grimontviridae	2	0	0.0
BMARK_DNA_VIRAL	gianthunter	family	Groupodiviridae	1	0	0.0
BMARK_DNA_VIRAL	gianthunter	family	Halicoviridae	1	0	0.0
BMARK_DNA_VIRAL	gianthunter	family	Halspiviridae	1	0	0.0
BMARK_DNA_VIRAL	gianthunter	family	Hepadnaviridae	4	0	0.0
BMARK_DNA_VIRAL	gianthunter	family	Herelleviridae	3	0	0.0
BMARK_DNA_VIRAL	gianthunter	family	Hodgkinviridae	2	0	0.0
BMARK_DNA_VIRAL	gianthunter	family	Huangdiviridae	1	0	0.0
BMARK_DNA_VIRAL	gianthunter	family	Inoviridae	24	0	0.0
BMARK_DNA_VIRAL	gianthunter	family	Iridoviridae	1	1	1.0
BMARK_DNA_VIRAL	gianthunter	family	Jeanschmidtviridae	1	0	0.0
BMARK_DNA_VIRAL	gianthunter	family	Kanorauviridae	2	1	0.5
BMARK_DNA_VIRAL	gianthunter	family	Kirkoviridae	1	0	0.0
BMARK_DNA_VIRAL	gianthunter	family	Konodaiviridae	1	0	0.0
BMARK_DNA_VIRAL	gianthunter	family	Lindbergviridae	2	0	0.0
BMARK_DNA_VIRAL	gianthunter	family	Lipothrixviridae	2	0	0.0
BMARK_DNA_VIRAL	gianthunter	family	Luriaviridae	1	0	0.0
BMARK_DNA_VIRAL	gianthunter	family	Madisaviridae	1	0	0.0
BMARK_DNA_VIRAL	gianthunter	family	Mesomimiviridae	2	2	1.0
BMARK_DNA_VIRAL	gianthunter	family	Mesyanzhinovviridae	1	0	0.0
BMARK_DNA_VIRAL	gianthunter	family	Metaxyviridae	4	0	0.0
BMARK_DNA_VIRAL	gianthunter	family	Mimiviridae	1	1	1.0
BMARK_DNA_VIRAL	gianthunter	family	Mtkvariviridae	1	0	0.0
BMARK_DNA_VIRAL	gianthunter	family	Nanopleoviridae	1	0	0.0
BMARK_DNA_VIRAL	gianthunter	family	Nanoviridae	24	0	0.0
BMARK_DNA_VIRAL	gianthunter	family	Naryaviridae	1	0	0.0
BMARK_DNA_VIRAL	gianthunter	family	Nenyaviridae	3	0	0.0
BMARK_DNA_VIRAL	gianthunter	family	Nipumfusiviridae	3	0	0.0
BMARK_DNA_VIRAL	gianthunter	family	Nudiviridae	4	0	0.0
BMARK_DNA_VIRAL	gianthunter	family	Obscuriviridae	2	0	0.0
BMARK_DNA_VIRAL	gianthunter	family	Omnilimnoviroviridae	1	1	1.0
BMARK_DNA_VIRAL	gianthunter	family	Oomyviridae	4	0	0.0
BMARK_DNA_VIRAL	gianthunter	family	Orthoherpesviridae	3	0	0.0
BMARK_DNA_VIRAL	gianthunter	family	Osikeviridae	1	0	0.0
BMARK_DNA_VIRAL	gianthunter	family	Ouroboviridae	2	0	0.0
BMARK_DNA_VIRAL	gianthunter	family	Papillomaviridae	15	0	0.0
BMARK_DNA_VIRAL	gianthunter	family	Parvoviridae	30	0	0.0
BMARK_DNA_VIRAL	gianthunter	family	Paulinoviridae	1	0	0.0
BMARK_DNA_VIRAL	gianthunter	family	Pecoviridae	1	0	0.0
BMARK_DNA_VIRAL	gianthunter	family	Peduoviridae	2	0	0.0
BMARK_DNA_VIRAL	gianthunter	family	Phypoliviridae	1	0	0.0
BMARK_DNA_VIRAL	gianthunter	family	Piccoloviridae	1	0	0.0
BMARK_DNA_VIRAL	gianthunter	family	Pichoviridae	2	0	0.0
BMARK_DNA_VIRAL	gianthunter	family	Pituviridae	1	0	0.0
BMARK_DNA_VIRAL	gianthunter	family	Pleolipoviridae	8	0	0.0
BMARK_DNA_VIRAL	gianthunter	family	Polyomaviridae	10	0	0.0
BMARK_DNA_VIRAL	gianthunter	family	Poxviridae	7	7	1.0
BMARK_DNA_VIRAL	gianthunter	family	Rountreeviridae	1	0	0.0
BMARK_DNA_VIRAL	gianthunter	family	Rudiviridae	5	0	0.0
BMARK_DNA_VIRAL	gianthunter	family	Sarkviridae	2	0	0.0
BMARK_DNA_VIRAL	gianthunter	family	Schitoviridae	2	0	0.0
BMARK_DNA_VIRAL	gianthunter	family	Simuloviridae	1	0	0.0
BMARK_DNA_VIRAL	gianthunter	family	Smacoviridae	6	0	0.0
BMARK_DNA_VIRAL	gianthunter	family	Sphaerolipoviridae	3	0	0.0
BMARK_DNA_VIRAL	gianthunter	family	Straboviridae	5	0	0.0
BMARK_DNA_VIRAL	gianthunter	family	Sukshmaviridae	1	0	0.0
BMARK_DNA_VIRAL	gianthunter	family	Suoliviridae	2	0	0.0
BMARK_DNA_VIRAL	gianthunter	family	Tainaviridae	1	0	0.0
BMARK_DNA_VIRAL	gianthunter	family	Thalassapleoviridae	2	0	0.0
BMARK_DNA_VIRAL	gianthunter	family	Thaspiviridae	1	0	0.0
BMARK_DNA_VIRAL	gianthunter	family	Tolecusatellitidae	26	0	0.0
BMARK_DNA_VIRAL	gianthunter	family	Tristromaviridae	2	0	0.0
BMARK_DNA_VIRAL	gianthunter	family	Umezonoviridae	2	0	0.0
BMARK_DNA_VIRAL	gianthunter	family	Vandenendeviridae	3	0	0.0
BMARK_DNA_VIRAL	gianthunter	family	Vilmaviridae	1	0	0.0
BMARK_DNA_VIRAL	gianthunter	family	Vilyaviridae	2	0	0.0
BMARK_DNA_VIRAL	gianthunter	family	Zierdtviridae	2	0	0.0
BMARK_DNA_VIRAL	gianthunter	family	Zobellviridae	1	0	0.0
BMARK_DNA_VIRAL	gianthunter	family	unclassified	51	0	0.0
BMARK_DNA_VIRAL	gianthunter	genome_type	dsDNA	225	22	0.09777777777777778
BMARK_DNA_VIRAL	gianthunter	genome_type	dsDNA-RT	30	0	0.0
BMARK_DNA_VIRAL	gianthunter	genome_type	ssDNA	48	0	0.0
BMARK_DNA_VIRAL	gianthunter	genome_type	ssDNA(+)	71	0	0.0
BMARK_DNA_VIRAL	gianthunter	genome_type	ssDNA(+/-)	120	2	0.016666666666666666
BMARK_DNA_VIRAL	gianthunter	genome_type	ssDNA(-)	45	0	0.0
BMARK_DNA_VIRAL	gianthunter	host_source	archaea	33	0	0.0
BMARK_DNA_VIRAL	gianthunter	host_source	bacteria	164	0	0.0
BMARK_DNA_VIRAL	gianthunter	host_source	freshwater (S)	2	2	1.0
BMARK_DNA_VIRAL	gianthunter	host_source	invertebrates	30	9	0.3
BMARK_DNA_VIRAL	gianthunter	host_source	invertebrates, vertebrates	5	0	0.0
BMARK_DNA_VIRAL	gianthunter	host_source	marine (S)	2	0	0.0
BMARK_DNA_VIRAL	gianthunter	host_source	plants	150	1	0.006666666666666667
BMARK_DNA_VIRAL	gianthunter	host_source	protists	5	4	0.8
BMARK_DNA_VIRAL	gianthunter	host_source	protists (S)	4	0	0.0
BMARK_DNA_VIRAL	gianthunter	host_source	sewage (S)	1	0	0.0
BMARK_DNA_VIRAL	gianthunter	host_source	unknown (S)	6	0	0.0
BMARK_DNA_VIRAL	gianthunter	host_source	vertebrates	137	8	0.058394160583941604
BMARK_DNA_VIRAL	viSUM_OFF	family	Ackermannviridae	1	1	1.0
BMARK_DNA_VIRAL	viSUM_OFF	family	Adamaviridae	5	4	0.8
BMARK_DNA_VIRAL	viSUM_OFF	family	Adenoviridae	15	15	1.0
BMARK_DNA_VIRAL	viSUM_OFF	family	Alloherpesviridae	2	2	1.0
BMARK_DNA_VIRAL	viSUM_OFF	family	Allomimiviridae	1	1	1.0
BMARK_DNA_VIRAL	viSUM_OFF	family	Alphagokushoviridae	2	2	1.0
BMARK_DNA_VIRAL	viSUM_OFF	family	Alphasatellitidae	21	18	0.8571428571428571
BMARK_DNA_VIRAL	viSUM_OFF	family	Andersonviridae	1	1	1.0
BMARK_DNA_VIRAL	viSUM_OFF	family	Anelloviridae	35	35	1.0
BMARK_DNA_VIRAL	viSUM_OFF	family	Autonotataviridae	1	1	1.0
BMARK_DNA_VIRAL	viSUM_OFF	family	Autoscriptoviridae	7	7	1.0
BMARK_DNA_VIRAL	viSUM_OFF	family	Autosignataviridae	3	3	1.0
BMARK_DNA_VIRAL	viSUM_OFF	family	Autotranscriptaviridae	4	4	1.0
BMARK_DNA_VIRAL	viSUM_OFF	family	Baculoviridae	10	10	1.0
BMARK_DNA_VIRAL	viSUM_OFF	family	Berryhillviridae	2	2	1.0
BMARK_DNA_VIRAL	viSUM_OFF	family	Betagokushoviridae	2	2	1.0
BMARK_DNA_VIRAL	viSUM_OFF	family	Caulimoviridae	29	28	0.9655172413793104
BMARK_DNA_VIRAL	viSUM_OFF	family	Chicoviridae	1	1	1.0
BMARK_DNA_VIRAL	viSUM_OFF	family	Circoviridae	8	8	1.0
BMARK_DNA_VIRAL	viSUM_OFF	family	Colingsworthviridae	1	1	1.0
BMARK_DNA_VIRAL	viSUM_OFF	family	Crevaviridae	1	1	1.0
BMARK_DNA_VIRAL	viSUM_OFF	family	Darmviridae	1	1	1.0
BMARK_DNA_VIRAL	viSUM_OFF	family	Demerecviridae	2	2	1.0
BMARK_DNA_VIRAL	viSUM_OFF	family	Draupnirviridae	4	4	1.0
BMARK_DNA_VIRAL	viSUM_OFF	family	Drexlerviridae	7	7	1.0
BMARK_DNA_VIRAL	viSUM_OFF	family	Eubullaviridae	4	4	1.0
BMARK_DNA_VIRAL	viSUM_OFF	family	Finnlakeviridae	1	1	1.0
BMARK_DNA_VIRAL	viSUM_OFF	family	Fuselloviridae	1	1	1.0
BMARK_DNA_VIRAL	viSUM_OFF	family	Gandrviridae	1	1	1.0
BMARK_DNA_VIRAL	viSUM_OFF	family	Geminiviridae	44	44	1.0
BMARK_DNA_VIRAL	viSUM_OFF	family	Genomoviridae	11	11	1.0
BMARK_DNA_VIRAL	viSUM_OFF	family	Geplanaviridae	1	1	1.0
BMARK_DNA_VIRAL	viSUM_OFF	family	Grimontviridae	2	2	1.0
BMARK_DNA_VIRAL	viSUM_OFF	family	Groupodiviridae	1	1	1.0
BMARK_DNA_VIRAL	viSUM_OFF	family	Halicoviridae	1	0	0.0
BMARK_DNA_VIRAL	viSUM_OFF	family	Halspiviridae	1	1	1.0
BMARK_DNA_VIRAL	viSUM_OFF	family	Hepadnaviridae	4	4	1.0
BMARK_DNA_VIRAL	viSUM_OFF	family	Herelleviridae	3	3	1.0
BMARK_DNA_VIRAL	viSUM_OFF	family	Hodgkinviridae	2	2	1.0
BMARK_DNA_VIRAL	viSUM_OFF	family	Huangdiviridae	1	0	0.0
BMARK_DNA_VIRAL	viSUM_OFF	family	Inoviridae	24	24	1.0
BMARK_DNA_VIRAL	viSUM_OFF	family	Iridoviridae	1	1	1.0
BMARK_DNA_VIRAL	viSUM_OFF	family	Jeanschmidtviridae	1	1	1.0
BMARK_DNA_VIRAL	viSUM_OFF	family	Kanorauviridae	2	2	1.0
BMARK_DNA_VIRAL	viSUM_OFF	family	Kirkoviridae	1	1	1.0
BMARK_DNA_VIRAL	viSUM_OFF	family	Konodaiviridae	1	1	1.0
BMARK_DNA_VIRAL	viSUM_OFF	family	Lindbergviridae	2	2	1.0
BMARK_DNA_VIRAL	viSUM_OFF	family	Lipothrixviridae	2	2	1.0
BMARK_DNA_VIRAL	viSUM_OFF	family	Luriaviridae	1	1	1.0
BMARK_DNA_VIRAL	viSUM_OFF	family	Madisaviridae	1	1	1.0
BMARK_DNA_VIRAL	viSUM_OFF	family	Mesomimiviridae	2	2	1.0
BMARK_DNA_VIRAL	viSUM_OFF	family	Mesyanzhinovviridae	1	1	1.0
BMARK_DNA_VIRAL	viSUM_OFF	family	Metaxyviridae	4	1	0.25
BMARK_DNA_VIRAL	viSUM_OFF	family	Mimiviridae	1	1	1.0
BMARK_DNA_VIRAL	viSUM_OFF	family	Mtkvariviridae	1	1	1.0
BMARK_DNA_VIRAL	viSUM_OFF	family	Nanopleoviridae	1	0	0.0
BMARK_DNA_VIRAL	viSUM_OFF	family	Nanoviridae	24	3	0.125
BMARK_DNA_VIRAL	viSUM_OFF	family	Naryaviridae	1	1	1.0
BMARK_DNA_VIRAL	viSUM_OFF	family	Nenyaviridae	3	3	1.0
BMARK_DNA_VIRAL	viSUM_OFF	family	Nipumfusiviridae	3	3	1.0
BMARK_DNA_VIRAL	viSUM_OFF	family	Nudiviridae	4	4	1.0
BMARK_DNA_VIRAL	viSUM_OFF	family	Obscuriviridae	2	2	1.0
BMARK_DNA_VIRAL	viSUM_OFF	family	Omnilimnoviroviridae	1	1	1.0
BMARK_DNA_VIRAL	viSUM_OFF	family	Oomyviridae	4	4	1.0
BMARK_DNA_VIRAL	viSUM_OFF	family	Orthoherpesviridae	3	3	1.0
BMARK_DNA_VIRAL	viSUM_OFF	family	Osikeviridae	1	1	1.0
BMARK_DNA_VIRAL	viSUM_OFF	family	Ouroboviridae	2	2	1.0
BMARK_DNA_VIRAL	viSUM_OFF	family	Papillomaviridae	15	15	1.0
BMARK_DNA_VIRAL	viSUM_OFF	family	Parvoviridae	30	30	1.0
BMARK_DNA_VIRAL	viSUM_OFF	family	Paulinoviridae	1	1	1.0
BMARK_DNA_VIRAL	viSUM_OFF	family	Pecoviridae	1	1	1.0
BMARK_DNA_VIRAL	viSUM_OFF	family	Peduoviridae	2	2	1.0
BMARK_DNA_VIRAL	viSUM_OFF	family	Phypoliviridae	1	1	1.0
BMARK_DNA_VIRAL	viSUM_OFF	family	Piccoloviridae	1	1	1.0
BMARK_DNA_VIRAL	viSUM_OFF	family	Pichoviridae	2	2	1.0
BMARK_DNA_VIRAL	viSUM_OFF	family	Pituviridae	1	1	1.0
BMARK_DNA_VIRAL	viSUM_OFF	family	Pleolipoviridae	8	7	0.875
BMARK_DNA_VIRAL	viSUM_OFF	family	Polyomaviridae	10	10	1.0
BMARK_DNA_VIRAL	viSUM_OFF	family	Poxviridae	7	7	1.0
BMARK_DNA_VIRAL	viSUM_OFF	family	Rountreeviridae	1	1	1.0
BMARK_DNA_VIRAL	viSUM_OFF	family	Rudiviridae	5	5	1.0
BMARK_DNA_VIRAL	viSUM_OFF	family	Sarkviridae	2	2	1.0
BMARK_DNA_VIRAL	viSUM_OFF	family	Schitoviridae	2	2	1.0
BMARK_DNA_VIRAL	viSUM_OFF	family	Simuloviridae	1	0	0.0
BMARK_DNA_VIRAL	viSUM_OFF	family	Smacoviridae	6	6	1.0
BMARK_DNA_VIRAL	viSUM_OFF	family	Sphaerolipoviridae	3	3	1.0
BMARK_DNA_VIRAL	viSUM_OFF	family	Straboviridae	5	5	1.0
BMARK_DNA_VIRAL	viSUM_OFF	family	Sukshmaviridae	1	1	1.0
BMARK_DNA_VIRAL	viSUM_OFF	family	Suoliviridae	2	2	1.0
BMARK_DNA_VIRAL	viSUM_OFF	family	Tainaviridae	1	1	1.0
BMARK_DNA_VIRAL	viSUM_OFF	family	Thalassapleoviridae	2	0	0.0
BMARK_DNA_VIRAL	viSUM_OFF	family	Thaspiviridae	1	1	1.0
BMARK_DNA_VIRAL	viSUM_OFF	family	Tolecusatellitidae	26	2	0.07692307692307693
BMARK_DNA_VIRAL	viSUM_OFF	family	Tristromaviridae	2	0	0.0
BMARK_DNA_VIRAL	viSUM_OFF	family	Umezonoviridae	2	2	1.0
BMARK_DNA_VIRAL	viSUM_OFF	family	Vandenendeviridae	3	3	1.0
BMARK_DNA_VIRAL	viSUM_OFF	family	Vilmaviridae	1	1	1.0
BMARK_DNA_VIRAL	viSUM_OFF	family	Vilyaviridae	2	2	1.0
BMARK_DNA_VIRAL	viSUM_OFF	family	Zierdtviridae	2	2	1.0
BMARK_DNA_VIRAL	viSUM_OFF	family	Zobellviridae	1	1	1.0
BMARK_DNA_VIRAL	viSUM_OFF	family	unclassified	51	51	1.0
BMARK_DNA_VIRAL	viSUM_OFF	genome_type	dsDNA	225	216	0.96
BMARK_DNA_VIRAL	viSUM_OFF	genome_type	dsDNA-RT	30	29	0.9666666666666667
BMARK_DNA_VIRAL	viSUM_OFF	genome_type	ssDNA	48	41	0.8541666666666666
BMARK_DNA_VIRAL	viSUM_OFF	genome_type	ssDNA(+)	71	46	0.647887323943662
BMARK_DNA_VIRAL	viSUM_OFF	genome_type	ssDNA(+/-)	120	118	0.9833333333333333
BMARK_DNA_VIRAL	viSUM_OFF	genome_type	ssDNA(-)	45	27	0.6
BMARK_DNA_VIRAL	viSUM_OFF	host_source	archaea	33	24	0.7272727272727273
BMARK_DNA_VIRAL	viSUM_OFF	host_source	bacteria	164	164	1.0
BMARK_DNA_VIRAL	viSUM_OFF	host_source	freshwater (S)	2	2	1.0
BMARK_DNA_VIRAL	viSUM_OFF	host_source	invertebrates	30	29	0.9666666666666667
BMARK_DNA_VIRAL	viSUM_OFF	host_source	invertebrates, vertebrates	5	5	1.0
BMARK_DNA_VIRAL	viSUM_OFF	host_source	marine (S)	2	2	1.0
BMARK_DNA_VIRAL	viSUM_OFF	host_source	plants	150	99	0.66
BMARK_DNA_VIRAL	viSUM_OFF	host_source	protists	5	5	1.0
BMARK_DNA_VIRAL	viSUM_OFF	host_source	protists (S)	4	4	1.0
BMARK_DNA_VIRAL	viSUM_OFF	host_source	sewage (S)	1	1	1.0
BMARK_DNA_VIRAL	viSUM_OFF	host_source	unknown (S)	6	6	1.0
BMARK_DNA_VIRAL	viSUM_OFF	host_source	vertebrates	137	136	0.9927007299270073
BMARK_DNA_VIRAL	viSUM_ON	family	Ackermannviridae	1	1	1.0
BMARK_DNA_VIRAL	viSUM_ON	family	Adamaviridae	5	4	0.8
BMARK_DNA_VIRAL	viSUM_ON	family	Adenoviridae	15	15	1.0
BMARK_DNA_VIRAL	viSUM_ON	family	Alloherpesviridae	2	2	1.0
BMARK_DNA_VIRAL	viSUM_ON	family	Allomimiviridae	1	1	1.0
BMARK_DNA_VIRAL	viSUM_ON	family	Alphagokushoviridae	2	2	1.0
BMARK_DNA_VIRAL	viSUM_ON	family	Alphasatellitidae	21	18	0.8571428571428571
BMARK_DNA_VIRAL	viSUM_ON	family	Andersonviridae	1	1	1.0
BMARK_DNA_VIRAL	viSUM_ON	family	Anelloviridae	35	35	1.0
BMARK_DNA_VIRAL	viSUM_ON	family	Autonotataviridae	1	1	1.0
BMARK_DNA_VIRAL	viSUM_ON	family	Autoscriptoviridae	7	7	1.0
BMARK_DNA_VIRAL	viSUM_ON	family	Autosignataviridae	3	3	1.0
BMARK_DNA_VIRAL	viSUM_ON	family	Autotranscriptaviridae	4	4	1.0
BMARK_DNA_VIRAL	viSUM_ON	family	Baculoviridae	10	10	1.0
BMARK_DNA_VIRAL	viSUM_ON	family	Berryhillviridae	2	2	1.0
BMARK_DNA_VIRAL	viSUM_ON	family	Betagokushoviridae	2	2	1.0
BMARK_DNA_VIRAL	viSUM_ON	family	Caulimoviridae	29	28	0.9655172413793104
BMARK_DNA_VIRAL	viSUM_ON	family	Chicoviridae	1	1	1.0
BMARK_DNA_VIRAL	viSUM_ON	family	Circoviridae	8	8	1.0
BMARK_DNA_VIRAL	viSUM_ON	family	Colingsworthviridae	1	1	1.0
BMARK_DNA_VIRAL	viSUM_ON	family	Crevaviridae	1	1	1.0
BMARK_DNA_VIRAL	viSUM_ON	family	Darmviridae	1	1	1.0
BMARK_DNA_VIRAL	viSUM_ON	family	Demerecviridae	2	2	1.0
BMARK_DNA_VIRAL	viSUM_ON	family	Draupnirviridae	4	4	1.0
BMARK_DNA_VIRAL	viSUM_ON	family	Drexlerviridae	7	7	1.0
BMARK_DNA_VIRAL	viSUM_ON	family	Eubullaviridae	4	4	1.0
BMARK_DNA_VIRAL	viSUM_ON	family	Finnlakeviridae	1	1	1.0
BMARK_DNA_VIRAL	viSUM_ON	family	Fuselloviridae	1	1	1.0
BMARK_DNA_VIRAL	viSUM_ON	family	Gandrviridae	1	1	1.0
BMARK_DNA_VIRAL	viSUM_ON	family	Geminiviridae	44	44	1.0
BMARK_DNA_VIRAL	viSUM_ON	family	Genomoviridae	11	11	1.0
BMARK_DNA_VIRAL	viSUM_ON	family	Geplanaviridae	1	1	1.0
BMARK_DNA_VIRAL	viSUM_ON	family	Grimontviridae	2	2	1.0
BMARK_DNA_VIRAL	viSUM_ON	family	Groupodiviridae	1	1	1.0
BMARK_DNA_VIRAL	viSUM_ON	family	Halicoviridae	1	0	0.0
BMARK_DNA_VIRAL	viSUM_ON	family	Halspiviridae	1	1	1.0
BMARK_DNA_VIRAL	viSUM_ON	family	Hepadnaviridae	4	4	1.0
BMARK_DNA_VIRAL	viSUM_ON	family	Herelleviridae	3	3	1.0
BMARK_DNA_VIRAL	viSUM_ON	family	Hodgkinviridae	2	2	1.0
BMARK_DNA_VIRAL	viSUM_ON	family	Huangdiviridae	1	0	0.0
BMARK_DNA_VIRAL	viSUM_ON	family	Inoviridae	24	24	1.0
BMARK_DNA_VIRAL	viSUM_ON	family	Iridoviridae	1	1	1.0
BMARK_DNA_VIRAL	viSUM_ON	family	Jeanschmidtviridae	1	1	1.0
BMARK_DNA_VIRAL	viSUM_ON	family	Kanorauviridae	2	2	1.0
BMARK_DNA_VIRAL	viSUM_ON	family	Kirkoviridae	1	1	1.0
BMARK_DNA_VIRAL	viSUM_ON	family	Konodaiviridae	1	1	1.0
BMARK_DNA_VIRAL	viSUM_ON	family	Lindbergviridae	2	2	1.0
BMARK_DNA_VIRAL	viSUM_ON	family	Lipothrixviridae	2	2	1.0
BMARK_DNA_VIRAL	viSUM_ON	family	Luriaviridae	1	1	1.0
BMARK_DNA_VIRAL	viSUM_ON	family	Madisaviridae	1	1	1.0
BMARK_DNA_VIRAL	viSUM_ON	family	Mesomimiviridae	2	2	1.0
BMARK_DNA_VIRAL	viSUM_ON	family	Mesyanzhinovviridae	1	1	1.0
BMARK_DNA_VIRAL	viSUM_ON	family	Metaxyviridae	4	1	0.25
BMARK_DNA_VIRAL	viSUM_ON	family	Mimiviridae	1	1	1.0
BMARK_DNA_VIRAL	viSUM_ON	family	Mtkvariviridae	1	1	1.0
BMARK_DNA_VIRAL	viSUM_ON	family	Nanopleoviridae	1	0	0.0
BMARK_DNA_VIRAL	viSUM_ON	family	Nanoviridae	24	3	0.125
BMARK_DNA_VIRAL	viSUM_ON	family	Naryaviridae	1	1	1.0
BMARK_DNA_VIRAL	viSUM_ON	family	Nenyaviridae	3	3	1.0
BMARK_DNA_VIRAL	viSUM_ON	family	Nipumfusiviridae	3	3	1.0
BMARK_DNA_VIRAL	viSUM_ON	family	Nudiviridae	4	4	1.0
BMARK_DNA_VIRAL	viSUM_ON	family	Obscuriviridae	2	2	1.0
BMARK_DNA_VIRAL	viSUM_ON	family	Omnilimnoviroviridae	1	1	1.0
BMARK_DNA_VIRAL	viSUM_ON	family	Oomyviridae	4	4	1.0
BMARK_DNA_VIRAL	viSUM_ON	family	Orthoherpesviridae	3	3	1.0
BMARK_DNA_VIRAL	viSUM_ON	family	Osikeviridae	1	1	1.0
BMARK_DNA_VIRAL	viSUM_ON	family	Ouroboviridae	2	2	1.0
BMARK_DNA_VIRAL	viSUM_ON	family	Papillomaviridae	15	15	1.0
BMARK_DNA_VIRAL	viSUM_ON	family	Parvoviridae	30	30	1.0
BMARK_DNA_VIRAL	viSUM_ON	family	Paulinoviridae	1	1	1.0
BMARK_DNA_VIRAL	viSUM_ON	family	Pecoviridae	1	1	1.0
BMARK_DNA_VIRAL	viSUM_ON	family	Peduoviridae	2	2	1.0
BMARK_DNA_VIRAL	viSUM_ON	family	Phypoliviridae	1	1	1.0
BMARK_DNA_VIRAL	viSUM_ON	family	Piccoloviridae	1	1	1.0
BMARK_DNA_VIRAL	viSUM_ON	family	Pichoviridae	2	2	1.0
BMARK_DNA_VIRAL	viSUM_ON	family	Pituviridae	1	1	1.0
BMARK_DNA_VIRAL	viSUM_ON	family	Pleolipoviridae	8	7	0.875
BMARK_DNA_VIRAL	viSUM_ON	family	Polyomaviridae	10	10	1.0
BMARK_DNA_VIRAL	viSUM_ON	family	Poxviridae	7	7	1.0
BMARK_DNA_VIRAL	viSUM_ON	family	Rountreeviridae	1	1	1.0
BMARK_DNA_VIRAL	viSUM_ON	family	Rudiviridae	5	5	1.0
BMARK_DNA_VIRAL	viSUM_ON	family	Sarkviridae	2	2	1.0
BMARK_DNA_VIRAL	viSUM_ON	family	Schitoviridae	2	2	1.0
BMARK_DNA_VIRAL	viSUM_ON	family	Simuloviridae	1	0	0.0
BMARK_DNA_VIRAL	viSUM_ON	family	Smacoviridae	6	6	1.0
BMARK_DNA_VIRAL	viSUM_ON	family	Sphaerolipoviridae	3	3	1.0
BMARK_DNA_VIRAL	viSUM_ON	family	Straboviridae	5	5	1.0
BMARK_DNA_VIRAL	viSUM_ON	family	Sukshmaviridae	1	1	1.0
BMARK_DNA_VIRAL	viSUM_ON	family	Suoliviridae	2	2	1.0
BMARK_DNA_VIRAL	viSUM_ON	family	Tainaviridae	1	1	1.0
BMARK_DNA_VIRAL	viSUM_ON	family	Thalassapleoviridae	2	0	0.0
BMARK_DNA_VIRAL	viSUM_ON	family	Thaspiviridae	1	1	1.0
BMARK_DNA_VIRAL	viSUM_ON	family	Tolecusatellitidae	26	2	0.07692307692307693
BMARK_DNA_VIRAL	viSUM_ON	family	Tristromaviridae	2	0	0.0
BMARK_DNA_VIRAL	viSUM_ON	family	Umezonoviridae	2	2	1.0
BMARK_DNA_VIRAL	viSUM_ON	family	Vandenendeviridae	3	3	1.0
BMARK_DNA_VIRAL	viSUM_ON	family	Vilmaviridae	1	1	1.0
BMARK_DNA_VIRAL	viSUM_ON	family	Vilyaviridae	2	2	1.0
BMARK_DNA_VIRAL	viSUM_ON	family	Zierdtviridae	2	2	1.0
BMARK_DNA_VIRAL	viSUM_ON	family	Zobellviridae	1	1	1.0
BMARK_DNA_VIRAL	viSUM_ON	family	unclassified	51	51	1.0
BMARK_DNA_VIRAL	viSUM_ON	genome_type	dsDNA	225	216	0.96
BMARK_DNA_VIRAL	viSUM_ON	genome_type	dsDNA-RT	30	29	0.9666666666666667
BMARK_DNA_VIRAL	viSUM_ON	genome_type	ssDNA	48	41	0.8541666666666666
BMARK_DNA_VIRAL	viSUM_ON	genome_type	ssDNA(+)	71	46	0.647887323943662
BMARK_DNA_VIRAL	viSUM_ON	genome_type	ssDNA(+/-)	120	118	0.9833333333333333
BMARK_DNA_VIRAL	viSUM_ON	genome_type	ssDNA(-)	45	27	0.6
BMARK_DNA_VIRAL	viSUM_ON	host_source	archaea	33	24	0.7272727272727273
BMARK_DNA_VIRAL	viSUM_ON	host_source	bacteria	164	164	1.0
BMARK_DNA_VIRAL	viSUM_ON	host_source	freshwater (S)	2	2	1.0
BMARK_DNA_VIRAL	viSUM_ON	host_source	invertebrates	30	29	0.9666666666666667
BMARK_DNA_VIRAL	viSUM_ON	host_source	invertebrates, vertebrates	5	5	1.0
BMARK_DNA_VIRAL	viSUM_ON	host_source	marine (S)	2	2	1.0
BMARK_DNA_VIRAL	viSUM_ON	host_source	plants	150	99	0.66
BMARK_DNA_VIRAL	viSUM_ON	host_source	protists	5	5	1.0
BMARK_DNA_VIRAL	viSUM_ON	host_source	protists (S)	4	4	1.0
BMARK_DNA_VIRAL	viSUM_ON	host_source	sewage (S)	1	1	1.0
BMARK_DNA_VIRAL	viSUM_ON	host_source	unknown (S)	6	6	1.0
BMARK_DNA_VIRAL	viSUM_ON	host_source	vertebrates	137	136	0.9927007299270073
BMARK_DNA_VIRAL	vicat	family	Ackermannviridae	1	1	1.0
BMARK_DNA_VIRAL	vicat	family	Adamaviridae	5	3	0.6
BMARK_DNA_VIRAL	vicat	family	Adenoviridae	15	15	1.0
BMARK_DNA_VIRAL	vicat	family	Alloherpesviridae	2	2	1.0
BMARK_DNA_VIRAL	vicat	family	Allomimiviridae	1	1	1.0
BMARK_DNA_VIRAL	vicat	family	Alphagokushoviridae	2	2	1.0
BMARK_DNA_VIRAL	vicat	family	Alphasatellitidae	21	21	1.0
BMARK_DNA_VIRAL	vicat	family	Andersonviridae	1	1	1.0
BMARK_DNA_VIRAL	vicat	family	Anelloviridae	35	30	0.8571428571428571
BMARK_DNA_VIRAL	vicat	family	Autonotataviridae	1	1	1.0
BMARK_DNA_VIRAL	vicat	family	Autoscriptoviridae	7	7	1.0
BMARK_DNA_VIRAL	vicat	family	Autosignataviridae	3	3	1.0
BMARK_DNA_VIRAL	vicat	family	Autotranscriptaviridae	4	4	1.0
BMARK_DNA_VIRAL	vicat	family	Baculoviridae	10	10	1.0
BMARK_DNA_VIRAL	vicat	family	Berryhillviridae	2	2	1.0
BMARK_DNA_VIRAL	vicat	family	Betagokushoviridae	2	2	1.0
BMARK_DNA_VIRAL	vicat	family	Caulimoviridae	29	29	1.0
BMARK_DNA_VIRAL	vicat	family	Chicoviridae	1	1	1.0
BMARK_DNA_VIRAL	vicat	family	Circoviridae	8	8	1.0
BMARK_DNA_VIRAL	vicat	family	Colingsworthviridae	1	1	1.0
BMARK_DNA_VIRAL	vicat	family	Crevaviridae	1	1	1.0
BMARK_DNA_VIRAL	vicat	family	Darmviridae	1	1	1.0
BMARK_DNA_VIRAL	vicat	family	Demerecviridae	2	2	1.0
BMARK_DNA_VIRAL	vicat	family	Draupnirviridae	4	4	1.0
BMARK_DNA_VIRAL	vicat	family	Drexlerviridae	7	7	1.0
BMARK_DNA_VIRAL	vicat	family	Eubullaviridae	4	4	1.0
BMARK_DNA_VIRAL	vicat	family	Finnlakeviridae	1	1	1.0
BMARK_DNA_VIRAL	vicat	family	Fuselloviridae	1	1	1.0
BMARK_DNA_VIRAL	vicat	family	Gandrviridae	1	1	1.0
BMARK_DNA_VIRAL	vicat	family	Geminiviridae	44	44	1.0
BMARK_DNA_VIRAL	vicat	family	Genomoviridae	11	11	1.0
BMARK_DNA_VIRAL	vicat	family	Geplanaviridae	1	1	1.0
BMARK_DNA_VIRAL	vicat	family	Grimontviridae	2	2	1.0
BMARK_DNA_VIRAL	vicat	family	Groupodiviridae	1	1	1.0
BMARK_DNA_VIRAL	vicat	family	Halicoviridae	1	1	1.0
BMARK_DNA_VIRAL	vicat	family	Halspiviridae	1	1	1.0
BMARK_DNA_VIRAL	vicat	family	Hepadnaviridae	4	4	1.0
BMARK_DNA_VIRAL	vicat	family	Herelleviridae	3	3	1.0
BMARK_DNA_VIRAL	vicat	family	Hodgkinviridae	2	2	1.0
BMARK_DNA_VIRAL	vicat	family	Huangdiviridae	1	1	1.0
BMARK_DNA_VIRAL	vicat	family	Inoviridae	24	24	1.0
BMARK_DNA_VIRAL	vicat	family	Iridoviridae	1	1	1.0
BMARK_DNA_VIRAL	vicat	family	Jeanschmidtviridae	1	1	1.0
BMARK_DNA_VIRAL	vicat	family	Kanorauviridae	2	2	1.0
BMARK_DNA_VIRAL	vicat	family	Kirkoviridae	1	1	1.0
BMARK_DNA_VIRAL	vicat	family	Konodaiviridae	1	1	1.0
BMARK_DNA_VIRAL	vicat	family	Lindbergviridae	2	2	1.0
BMARK_DNA_VIRAL	vicat	family	Lipothrixviridae	2	2	1.0
BMARK_DNA_VIRAL	vicat	family	Luriaviridae	1	1	1.0
BMARK_DNA_VIRAL	vicat	family	Madisaviridae	1	1	1.0
BMARK_DNA_VIRAL	vicat	family	Mesomimiviridae	2	2	1.0
BMARK_DNA_VIRAL	vicat	family	Mesyanzhinovviridae	1	1	1.0
BMARK_DNA_VIRAL	vicat	family	Metaxyviridae	4	1	0.25
BMARK_DNA_VIRAL	vicat	family	Mimiviridae	1	1	1.0
BMARK_DNA_VIRAL	vicat	family	Mtkvariviridae	1	1	1.0
BMARK_DNA_VIRAL	vicat	family	Nanopleoviridae	1	1	1.0
BMARK_DNA_VIRAL	vicat	family	Nanoviridae	24	24	1.0
BMARK_DNA_VIRAL	vicat	family	Naryaviridae	1	1	1.0
BMARK_DNA_VIRAL	vicat	family	Nenyaviridae	3	3	1.0
BMARK_DNA_VIRAL	vicat	family	Nipumfusiviridae	3	3	1.0
BMARK_DNA_VIRAL	vicat	family	Nudiviridae	4	4	1.0
BMARK_DNA_VIRAL	vicat	family	Obscuriviridae	2	2	1.0
BMARK_DNA_VIRAL	vicat	family	Omnilimnoviroviridae	1	1	1.0
BMARK_DNA_VIRAL	vicat	family	Oomyviridae	4	4	1.0
BMARK_DNA_VIRAL	vicat	family	Orthoherpesviridae	3	3	1.0
BMARK_DNA_VIRAL	vicat	family	Osikeviridae	1	1	1.0
BMARK_DNA_VIRAL	vicat	family	Ouroboviridae	2	2	1.0
BMARK_DNA_VIRAL	vicat	family	Papillomaviridae	15	15	1.0
BMARK_DNA_VIRAL	vicat	family	Parvoviridae	30	30	1.0
BMARK_DNA_VIRAL	vicat	family	Paulinoviridae	1	1	1.0
BMARK_DNA_VIRAL	vicat	family	Pecoviridae	1	1	1.0
BMARK_DNA_VIRAL	vicat	family	Peduoviridae	2	2	1.0
BMARK_DNA_VIRAL	vicat	family	Phypoliviridae	1	1	1.0
BMARK_DNA_VIRAL	vicat	family	Piccoloviridae	1	1	1.0
BMARK_DNA_VIRAL	vicat	family	Pichoviridae	2	2	1.0
BMARK_DNA_VIRAL	vicat	family	Pituviridae	1	1	1.0
BMARK_DNA_VIRAL	vicat	family	Pleolipoviridae	8	8	1.0
BMARK_DNA_VIRAL	vicat	family	Polyomaviridae	10	10	1.0
BMARK_DNA_VIRAL	vicat	family	Poxviridae	7	7	1.0
BMARK_DNA_VIRAL	vicat	family	Rountreeviridae	1	1	1.0
BMARK_DNA_VIRAL	vicat	family	Rudiviridae	5	5	1.0
BMARK_DNA_VIRAL	vicat	family	Sarkviridae	2	2	1.0
BMARK_DNA_VIRAL	vicat	family	Schitoviridae	2	2	1.0
BMARK_DNA_VIRAL	vicat	family	Simuloviridae	1	1	1.0
BMARK_DNA_VIRAL	vicat	family	Smacoviridae	6	6	1.0
BMARK_DNA_VIRAL	vicat	family	Sphaerolipoviridae	3	3	1.0
BMARK_DNA_VIRAL	vicat	family	Straboviridae	5	5	1.0
BMARK_DNA_VIRAL	vicat	family	Sukshmaviridae	1	1	1.0
BMARK_DNA_VIRAL	vicat	family	Suoliviridae	2	2	1.0
BMARK_DNA_VIRAL	vicat	family	Tainaviridae	1	1	1.0
BMARK_DNA_VIRAL	vicat	family	Thalassapleoviridae	2	2	1.0
BMARK_DNA_VIRAL	vicat	family	Thaspiviridae	1	1	1.0
BMARK_DNA_VIRAL	vicat	family	Tolecusatellitidae	26	21	0.8076923076923077
BMARK_DNA_VIRAL	vicat	family	Tristromaviridae	2	2	1.0
BMARK_DNA_VIRAL	vicat	family	Umezonoviridae	2	2	1.0
BMARK_DNA_VIRAL	vicat	family	Vandenendeviridae	3	3	1.0
BMARK_DNA_VIRAL	vicat	family	Vilmaviridae	1	1	1.0
BMARK_DNA_VIRAL	vicat	family	Vilyaviridae	2	2	1.0
BMARK_DNA_VIRAL	vicat	family	Zierdtviridae	2	2	1.0
BMARK_DNA_VIRAL	vicat	family	Zobellviridae	1	1	1.0
BMARK_DNA_VIRAL	vicat	family	unclassified	51	51	1.0
BMARK_DNA_VIRAL	vicat	genome_type	dsDNA	225	225	1.0
BMARK_DNA_VIRAL	vicat	genome_type	dsDNA-RT	30	30	1.0
BMARK_DNA_VIRAL	vicat	genome_type	ssDNA	48	43	0.8958333333333334
BMARK_DNA_VIRAL	vicat	genome_type	ssDNA(+)	71	68	0.9577464788732394
BMARK_DNA_VIRAL	vicat	genome_type	ssDNA(+/-)	120	113	0.9416666666666667
BMARK_DNA_VIRAL	vicat	genome_type	ssDNA(-)	45	45	1.0
BMARK_DNA_VIRAL	vicat	host_source	archaea	33	33	1.0
BMARK_DNA_VIRAL	vicat	host_source	bacteria	164	164	1.0
BMARK_DNA_VIRAL	vicat	host_source	freshwater (S)	2	2	1.0
BMARK_DNA_VIRAL	vicat	host_source	invertebrates	30	30	1.0
BMARK_DNA_VIRAL	vicat	host_source	invertebrates, vertebrates	5	5	1.0
BMARK_DNA_VIRAL	vicat	host_source	marine (S)	2	2	1.0
BMARK_DNA_VIRAL	vicat	host_source	plants	150	142	0.9466666666666667
BMARK_DNA_VIRAL	vicat	host_source	protists	5	5	1.0
BMARK_DNA_VIRAL	vicat	host_source	protists (S)	4	4	1.0
BMARK_DNA_VIRAL	vicat	host_source	sewage (S)	1	1	1.0
BMARK_DNA_VIRAL	vicat	host_source	unknown (S)	6	6	1.0
BMARK_DNA_VIRAL	vicat	host_source	vertebrates	137	130	0.948905109489051
BMARK_DNA_VIRAL	virsorter2	family	Ackermannviridae	1	1	1.0
BMARK_DNA_VIRAL	virsorter2	family	Adamaviridae	5	2	0.4
BMARK_DNA_VIRAL	virsorter2	family	Adenoviridae	15	15	1.0
BMARK_DNA_VIRAL	virsorter2	family	Alloherpesviridae	2	2	1.0
BMARK_DNA_VIRAL	virsorter2	family	Allomimiviridae	1	1	1.0
BMARK_DNA_VIRAL	virsorter2	family	Alphagokushoviridae	2	2	1.0
BMARK_DNA_VIRAL	virsorter2	family	Alphasatellitidae	21	1	0.047619047619047616
BMARK_DNA_VIRAL	virsorter2	family	Andersonviridae	1	1	1.0
BMARK_DNA_VIRAL	virsorter2	family	Anelloviridae	35	34	0.9714285714285714
BMARK_DNA_VIRAL	virsorter2	family	Autonotataviridae	1	1	1.0
BMARK_DNA_VIRAL	virsorter2	family	Autoscriptoviridae	7	7	1.0
BMARK_DNA_VIRAL	virsorter2	family	Autosignataviridae	3	3	1.0
BMARK_DNA_VIRAL	virsorter2	family	Autotranscriptaviridae	4	4	1.0
BMARK_DNA_VIRAL	virsorter2	family	Baculoviridae	10	10	1.0
BMARK_DNA_VIRAL	virsorter2	family	Berryhillviridae	2	2	1.0
BMARK_DNA_VIRAL	virsorter2	family	Betagokushoviridae	2	2	1.0
BMARK_DNA_VIRAL	virsorter2	family	Caulimoviridae	29	20	0.6896551724137931
BMARK_DNA_VIRAL	virsorter2	family	Chicoviridae	1	1	1.0
BMARK_DNA_VIRAL	virsorter2	family	Circoviridae	8	7	0.875
BMARK_DNA_VIRAL	virsorter2	family	Colingsworthviridae	1	1	1.0
BMARK_DNA_VIRAL	virsorter2	family	Crevaviridae	1	1	1.0
BMARK_DNA_VIRAL	virsorter2	family	Darmviridae	1	1	1.0
BMARK_DNA_VIRAL	virsorter2	family	Demerecviridae	2	2	1.0
BMARK_DNA_VIRAL	virsorter2	family	Draupnirviridae	4	4	1.0
BMARK_DNA_VIRAL	virsorter2	family	Drexlerviridae	7	7	1.0
BMARK_DNA_VIRAL	virsorter2	family	Eubullaviridae	4	4	1.0
BMARK_DNA_VIRAL	virsorter2	family	Finnlakeviridae	1	1	1.0
BMARK_DNA_VIRAL	virsorter2	family	Fuselloviridae	1	1	1.0
BMARK_DNA_VIRAL	virsorter2	family	Gandrviridae	1	1	1.0
BMARK_DNA_VIRAL	virsorter2	family	Geminiviridae	44	44	1.0
BMARK_DNA_VIRAL	virsorter2	family	Genomoviridae	11	11	1.0
BMARK_DNA_VIRAL	virsorter2	family	Geplanaviridae	1	1	1.0
BMARK_DNA_VIRAL	virsorter2	family	Grimontviridae	2	2	1.0
BMARK_DNA_VIRAL	virsorter2	family	Groupodiviridae	1	1	1.0
BMARK_DNA_VIRAL	virsorter2	family	Halicoviridae	1	1	1.0
BMARK_DNA_VIRAL	virsorter2	family	Halspiviridae	1	1	1.0
BMARK_DNA_VIRAL	virsorter2	family	Hepadnaviridae	4	3	0.75
BMARK_DNA_VIRAL	virsorter2	family	Herelleviridae	3	3	1.0
BMARK_DNA_VIRAL	virsorter2	family	Hodgkinviridae	2	2	1.0
BMARK_DNA_VIRAL	virsorter2	family	Huangdiviridae	1	1	1.0
BMARK_DNA_VIRAL	virsorter2	family	Inoviridae	24	20	0.8333333333333334
BMARK_DNA_VIRAL	virsorter2	family	Iridoviridae	1	1	1.0
BMARK_DNA_VIRAL	virsorter2	family	Jeanschmidtviridae	1	1	1.0
BMARK_DNA_VIRAL	virsorter2	family	Kanorauviridae	2	2	1.0
BMARK_DNA_VIRAL	virsorter2	family	Kirkoviridae	1	1	1.0
BMARK_DNA_VIRAL	virsorter2	family	Konodaiviridae	1	1	1.0
BMARK_DNA_VIRAL	virsorter2	family	Lindbergviridae	2	2	1.0
BMARK_DNA_VIRAL	virsorter2	family	Lipothrixviridae	2	2	1.0
BMARK_DNA_VIRAL	virsorter2	family	Luriaviridae	1	1	1.0
BMARK_DNA_VIRAL	virsorter2	family	Madisaviridae	1	1	1.0
BMARK_DNA_VIRAL	virsorter2	family	Mesomimiviridae	2	2	1.0
BMARK_DNA_VIRAL	virsorter2	family	Mesyanzhinovviridae	1	1	1.0
BMARK_DNA_VIRAL	virsorter2	family	Metaxyviridae	4	0	0.0
BMARK_DNA_VIRAL	virsorter2	family	Mimiviridae	1	1	1.0
BMARK_DNA_VIRAL	virsorter2	family	Mtkvariviridae	1	1	1.0
BMARK_DNA_VIRAL	virsorter2	family	Nanopleoviridae	1	1	1.0
BMARK_DNA_VIRAL	virsorter2	family	Nanoviridae	24	0	0.0
BMARK_DNA_VIRAL	virsorter2	family	Naryaviridae	1	1	1.0
BMARK_DNA_VIRAL	virsorter2	family	Nenyaviridae	3	3	1.0
BMARK_DNA_VIRAL	virsorter2	family	Nipumfusiviridae	3	3	1.0
BMARK_DNA_VIRAL	virsorter2	family	Nudiviridae	4	4	1.0
BMARK_DNA_VIRAL	virsorter2	family	Obscuriviridae	2	0	0.0
BMARK_DNA_VIRAL	virsorter2	family	Omnilimnoviroviridae	1	1	1.0
BMARK_DNA_VIRAL	virsorter2	family	Oomyviridae	4	4	1.0
BMARK_DNA_VIRAL	virsorter2	family	Orthoherpesviridae	3	3	1.0
BMARK_DNA_VIRAL	virsorter2	family	Osikeviridae	1	1	1.0
BMARK_DNA_VIRAL	virsorter2	family	Ouroboviridae	2	2	1.0
BMARK_DNA_VIRAL	virsorter2	family	Papillomaviridae	15	15	1.0
BMARK_DNA_VIRAL	virsorter2	family	Parvoviridae	30	30	1.0
BMARK_DNA_VIRAL	virsorter2	family	Paulinoviridae	1	0	0.0
BMARK_DNA_VIRAL	virsorter2	family	Pecoviridae	1	1	1.0
BMARK_DNA_VIRAL	virsorter2	family	Peduoviridae	2	2	1.0
BMARK_DNA_VIRAL	virsorter2	family	Phypoliviridae	1	1	1.0
BMARK_DNA_VIRAL	virsorter2	family	Piccoloviridae	1	1	1.0
BMARK_DNA_VIRAL	virsorter2	family	Pichoviridae	2	2	1.0
BMARK_DNA_VIRAL	virsorter2	family	Pituviridae	1	1	1.0
BMARK_DNA_VIRAL	virsorter2	family	Pleolipoviridae	8	8	1.0
BMARK_DNA_VIRAL	virsorter2	family	Polyomaviridae	10	10	1.0
BMARK_DNA_VIRAL	virsorter2	family	Poxviridae	7	7	1.0
BMARK_DNA_VIRAL	virsorter2	family	Rountreeviridae	1	1	1.0
BMARK_DNA_VIRAL	virsorter2	family	Rudiviridae	5	5	1.0
BMARK_DNA_VIRAL	virsorter2	family	Sarkviridae	2	2	1.0
BMARK_DNA_VIRAL	virsorter2	family	Schitoviridae	2	2	1.0
BMARK_DNA_VIRAL	virsorter2	family	Simuloviridae	1	1	1.0
BMARK_DNA_VIRAL	virsorter2	family	Smacoviridae	6	6	1.0
BMARK_DNA_VIRAL	virsorter2	family	Sphaerolipoviridae	3	3	1.0
BMARK_DNA_VIRAL	virsorter2	family	Straboviridae	5	5	1.0
BMARK_DNA_VIRAL	virsorter2	family	Sukshmaviridae	1	1	1.0
BMARK_DNA_VIRAL	virsorter2	family	Suoliviridae	2	2	1.0
BMARK_DNA_VIRAL	virsorter2	family	Tainaviridae	1	1	1.0
BMARK_DNA_VIRAL	virsorter2	family	Thalassapleoviridae	2	1	0.5
BMARK_DNA_VIRAL	virsorter2	family	Thaspiviridae	1	0	0.0
BMARK_DNA_VIRAL	virsorter2	family	Tolecusatellitidae	26	0	0.0
BMARK_DNA_VIRAL	virsorter2	family	Tristromaviridae	2	0	0.0
BMARK_DNA_VIRAL	virsorter2	family	Umezonoviridae	2	2	1.0
BMARK_DNA_VIRAL	virsorter2	family	Vandenendeviridae	3	3	1.0
BMARK_DNA_VIRAL	virsorter2	family	Vilmaviridae	1	1	1.0
BMARK_DNA_VIRAL	virsorter2	family	Vilyaviridae	2	2	1.0
BMARK_DNA_VIRAL	virsorter2	family	Zierdtviridae	2	2	1.0
BMARK_DNA_VIRAL	virsorter2	family	Zobellviridae	1	1	1.0
BMARK_DNA_VIRAL	virsorter2	family	unclassified	51	51	1.0
BMARK_DNA_VIRAL	virsorter2	genome_type	dsDNA	225	219	0.9733333333333334
BMARK_DNA_VIRAL	virsorter2	genome_type	dsDNA-RT	30	22	0.7333333333333333
BMARK_DNA_VIRAL	virsorter2	genome_type	ssDNA	48	37	0.7708333333333334
BMARK_DNA_VIRAL	virsorter2	genome_type	ssDNA(+)	71	28	0.39436619718309857
BMARK_DNA_VIRAL	virsorter2	genome_type	ssDNA(+/-)	120	109	0.9083333333333333
BMARK_DNA_VIRAL	virsorter2	genome_type	ssDNA(-)	45	24	0.5333333333333333
BMARK_DNA_VIRAL	virsorter2	host_source	archaea	33	29	0.8787878787878788
BMARK_DNA_VIRAL	virsorter2	host_source	bacteria	164	157	0.9573170731707317
BMARK_DNA_VIRAL	virsorter2	host_source	freshwater (S)	2	2	1.0
BMARK_DNA_VIRAL	virsorter2	host_source	invertebrates	30	30	1.0
BMARK_DNA_VIRAL	virsorter2	host_source	invertebrates, vertebrates	5	5	1.0
BMARK_DNA_VIRAL	virsorter2	host_source	marine (S)	2	2	1.0
BMARK_DNA_VIRAL	virsorter2	host_source	plants	150	67	0.44666666666666666
BMARK_DNA_VIRAL	virsorter2	host_source	protists	5	5	1.0
BMARK_DNA_VIRAL	virsorter2	host_source	protists (S)	4	4	1.0
BMARK_DNA_VIRAL	virsorter2	host_source	sewage (S)	1	1	1.0
BMARK_DNA_VIRAL	virsorter2	host_source	unknown (S)	6	6	1.0
BMARK_DNA_VIRAL	virsorter2	host_source	vertebrates	137	131	0.9562043795620438
BMARK_DNA_VIRAL	virsorter2_native	family	Ackermannviridae	1	1	1.0
BMARK_DNA_VIRAL	virsorter2_native	family	Adamaviridae	5	2	0.4
BMARK_DNA_VIRAL	virsorter2_native	family	Adenoviridae	15	15	1.0
BMARK_DNA_VIRAL	virsorter2_native	family	Alloherpesviridae	2	2	1.0
BMARK_DNA_VIRAL	virsorter2_native	family	Allomimiviridae	1	1	1.0
BMARK_DNA_VIRAL	virsorter2_native	family	Alphagokushoviridae	2	2	1.0
BMARK_DNA_VIRAL	virsorter2_native	family	Alphasatellitidae	21	1	0.047619047619047616
BMARK_DNA_VIRAL	virsorter2_native	family	Andersonviridae	1	1	1.0
BMARK_DNA_VIRAL	virsorter2_native	family	Anelloviridae	35	34	0.9714285714285714
BMARK_DNA_VIRAL	virsorter2_native	family	Autonotataviridae	1	1	1.0
BMARK_DNA_VIRAL	virsorter2_native	family	Autoscriptoviridae	7	7	1.0
BMARK_DNA_VIRAL	virsorter2_native	family	Autosignataviridae	3	3	1.0
BMARK_DNA_VIRAL	virsorter2_native	family	Autotranscriptaviridae	4	4	1.0
BMARK_DNA_VIRAL	virsorter2_native	family	Baculoviridae	10	10	1.0
BMARK_DNA_VIRAL	virsorter2_native	family	Berryhillviridae	2	2	1.0
BMARK_DNA_VIRAL	virsorter2_native	family	Betagokushoviridae	2	2	1.0
BMARK_DNA_VIRAL	virsorter2_native	family	Caulimoviridae	29	20	0.6896551724137931
BMARK_DNA_VIRAL	virsorter2_native	family	Chicoviridae	1	1	1.0
BMARK_DNA_VIRAL	virsorter2_native	family	Circoviridae	8	8	1.0
BMARK_DNA_VIRAL	virsorter2_native	family	Colingsworthviridae	1	1	1.0
BMARK_DNA_VIRAL	virsorter2_native	family	Crevaviridae	1	1	1.0
BMARK_DNA_VIRAL	virsorter2_native	family	Darmviridae	1	1	1.0
BMARK_DNA_VIRAL	virsorter2_native	family	Demerecviridae	2	2	1.0
BMARK_DNA_VIRAL	virsorter2_native	family	Draupnirviridae	4	4	1.0
BMARK_DNA_VIRAL	virsorter2_native	family	Drexlerviridae	7	7	1.0
BMARK_DNA_VIRAL	virsorter2_native	family	Eubullaviridae	4	4	1.0
BMARK_DNA_VIRAL	virsorter2_native	family	Finnlakeviridae	1	1	1.0
BMARK_DNA_VIRAL	virsorter2_native	family	Fuselloviridae	1	1	1.0
BMARK_DNA_VIRAL	virsorter2_native	family	Gandrviridae	1	1	1.0
BMARK_DNA_VIRAL	virsorter2_native	family	Geminiviridae	44	44	1.0
BMARK_DNA_VIRAL	virsorter2_native	family	Genomoviridae	11	11	1.0
BMARK_DNA_VIRAL	virsorter2_native	family	Geplanaviridae	1	1	1.0
BMARK_DNA_VIRAL	virsorter2_native	family	Grimontviridae	2	2	1.0
BMARK_DNA_VIRAL	virsorter2_native	family	Groupodiviridae	1	1	1.0
BMARK_DNA_VIRAL	virsorter2_native	family	Halicoviridae	1	1	1.0
BMARK_DNA_VIRAL	virsorter2_native	family	Halspiviridae	1	1	1.0
BMARK_DNA_VIRAL	virsorter2_native	family	Hepadnaviridae	4	3	0.75
BMARK_DNA_VIRAL	virsorter2_native	family	Herelleviridae	3	3	1.0
BMARK_DNA_VIRAL	virsorter2_native	family	Hodgkinviridae	2	2	1.0
BMARK_DNA_VIRAL	virsorter2_native	family	Huangdiviridae	1	1	1.0
BMARK_DNA_VIRAL	virsorter2_native	family	Inoviridae	24	20	0.8333333333333334
BMARK_DNA_VIRAL	virsorter2_native	family	Iridoviridae	1	1	1.0
BMARK_DNA_VIRAL	virsorter2_native	family	Jeanschmidtviridae	1	1	1.0
BMARK_DNA_VIRAL	virsorter2_native	family	Kanorauviridae	2	2	1.0
BMARK_DNA_VIRAL	virsorter2_native	family	Kirkoviridae	1	1	1.0
BMARK_DNA_VIRAL	virsorter2_native	family	Konodaiviridae	1	1	1.0
BMARK_DNA_VIRAL	virsorter2_native	family	Lindbergviridae	2	2	1.0
BMARK_DNA_VIRAL	virsorter2_native	family	Lipothrixviridae	2	2	1.0
BMARK_DNA_VIRAL	virsorter2_native	family	Luriaviridae	1	1	1.0
BMARK_DNA_VIRAL	virsorter2_native	family	Madisaviridae	1	1	1.0
BMARK_DNA_VIRAL	virsorter2_native	family	Mesomimiviridae	2	2	1.0
BMARK_DNA_VIRAL	virsorter2_native	family	Mesyanzhinovviridae	1	1	1.0
BMARK_DNA_VIRAL	virsorter2_native	family	Metaxyviridae	4	0	0.0
BMARK_DNA_VIRAL	virsorter2_native	family	Mimiviridae	1	1	1.0
BMARK_DNA_VIRAL	virsorter2_native	family	Mtkvariviridae	1	1	1.0
BMARK_DNA_VIRAL	virsorter2_native	family	Nanopleoviridae	1	1	1.0
BMARK_DNA_VIRAL	virsorter2_native	family	Nanoviridae	24	0	0.0
BMARK_DNA_VIRAL	virsorter2_native	family	Naryaviridae	1	1	1.0
BMARK_DNA_VIRAL	virsorter2_native	family	Nenyaviridae	3	3	1.0
BMARK_DNA_VIRAL	virsorter2_native	family	Nipumfusiviridae	3	3	1.0
BMARK_DNA_VIRAL	virsorter2_native	family	Nudiviridae	4	4	1.0
BMARK_DNA_VIRAL	virsorter2_native	family	Obscuriviridae	2	0	0.0
BMARK_DNA_VIRAL	virsorter2_native	family	Omnilimnoviroviridae	1	1	1.0
BMARK_DNA_VIRAL	virsorter2_native	family	Oomyviridae	4	4	1.0
BMARK_DNA_VIRAL	virsorter2_native	family	Orthoherpesviridae	3	3	1.0
BMARK_DNA_VIRAL	virsorter2_native	family	Osikeviridae	1	1	1.0
BMARK_DNA_VIRAL	virsorter2_native	family	Ouroboviridae	2	2	1.0
BMARK_DNA_VIRAL	virsorter2_native	family	Papillomaviridae	15	15	1.0
BMARK_DNA_VIRAL	virsorter2_native	family	Parvoviridae	30	30	1.0
BMARK_DNA_VIRAL	virsorter2_native	family	Paulinoviridae	1	0	0.0
BMARK_DNA_VIRAL	virsorter2_native	family	Pecoviridae	1	1	1.0
BMARK_DNA_VIRAL	virsorter2_native	family	Peduoviridae	2	2	1.0
BMARK_DNA_VIRAL	virsorter2_native	family	Phypoliviridae	1	1	1.0
BMARK_DNA_VIRAL	virsorter2_native	family	Piccoloviridae	1	1	1.0
BMARK_DNA_VIRAL	virsorter2_native	family	Pichoviridae	2	2	1.0
BMARK_DNA_VIRAL	virsorter2_native	family	Pituviridae	1	1	1.0
BMARK_DNA_VIRAL	virsorter2_native	family	Pleolipoviridae	8	8	1.0
BMARK_DNA_VIRAL	virsorter2_native	family	Polyomaviridae	10	10	1.0
BMARK_DNA_VIRAL	virsorter2_native	family	Poxviridae	7	7	1.0
BMARK_DNA_VIRAL	virsorter2_native	family	Rountreeviridae	1	1	1.0
BMARK_DNA_VIRAL	virsorter2_native	family	Rudiviridae	5	5	1.0
BMARK_DNA_VIRAL	virsorter2_native	family	Sarkviridae	2	2	1.0
BMARK_DNA_VIRAL	virsorter2_native	family	Schitoviridae	2	2	1.0
BMARK_DNA_VIRAL	virsorter2_native	family	Simuloviridae	1	1	1.0
BMARK_DNA_VIRAL	virsorter2_native	family	Smacoviridae	6	6	1.0
BMARK_DNA_VIRAL	virsorter2_native	family	Sphaerolipoviridae	3	3	1.0
BMARK_DNA_VIRAL	virsorter2_native	family	Straboviridae	5	5	1.0
BMARK_DNA_VIRAL	virsorter2_native	family	Sukshmaviridae	1	1	1.0
BMARK_DNA_VIRAL	virsorter2_native	family	Suoliviridae	2	2	1.0
BMARK_DNA_VIRAL	virsorter2_native	family	Tainaviridae	1	1	1.0
BMARK_DNA_VIRAL	virsorter2_native	family	Thalassapleoviridae	2	1	0.5
BMARK_DNA_VIRAL	virsorter2_native	family	Thaspiviridae	1	0	0.0
BMARK_DNA_VIRAL	virsorter2_native	family	Tolecusatellitidae	26	0	0.0
BMARK_DNA_VIRAL	virsorter2_native	family	Tristromaviridae	2	0	0.0
BMARK_DNA_VIRAL	virsorter2_native	family	Umezonoviridae	2	2	1.0
BMARK_DNA_VIRAL	virsorter2_native	family	Vandenendeviridae	3	3	1.0
BMARK_DNA_VIRAL	virsorter2_native	family	Vilmaviridae	1	1	1.0
BMARK_DNA_VIRAL	virsorter2_native	family	Vilyaviridae	2	2	1.0
BMARK_DNA_VIRAL	virsorter2_native	family	Zierdtviridae	2	2	1.0
BMARK_DNA_VIRAL	virsorter2_native	family	Zobellviridae	1	1	1.0
BMARK_DNA_VIRAL	virsorter2_native	family	unclassified	51	51	1.0
BMARK_DNA_VIRAL	virsorter2_native	genome_type	dsDNA	225	219	0.9733333333333334
BMARK_DNA_VIRAL	virsorter2_native	genome_type	dsDNA-RT	30	22	0.7333333333333333
BMARK_DNA_VIRAL	virsorter2_native	genome_type	ssDNA	48	37	0.7708333333333334
BMARK_DNA_VIRAL	virsorter2_native	genome_type	ssDNA(+)	71	28	0.39436619718309857
BMARK_DNA_VIRAL	virsorter2_native	genome_type	ssDNA(+/-)	120	110	0.9166666666666666
BMARK_DNA_VIRAL	virsorter2_native	genome_type	ssDNA(-)	45	24	0.5333333333333333
BMARK_DNA_VIRAL	virsorter2_native	host_source	archaea	33	29	0.8787878787878788
BMARK_DNA_VIRAL	virsorter2_native	host_source	bacteria	164	157	0.9573170731707317
BMARK_DNA_VIRAL	virsorter2_native	host_source	freshwater (S)	2	2	1.0
BMARK_DNA_VIRAL	virsorter2_native	host_source	invertebrates	30	30	1.0
BMARK_DNA_VIRAL	virsorter2_native	host_source	invertebrates, vertebrates	5	5	1.0
BMARK_DNA_VIRAL	virsorter2_native	host_source	marine (S)	2	2	1.0
BMARK_DNA_VIRAL	virsorter2_native	host_source	plants	150	67	0.44666666666666666
BMARK_DNA_VIRAL	virsorter2_native	host_source	protists	5	5	1.0
BMARK_DNA_VIRAL	virsorter2_native	host_source	protists (S)	4	4	1.0
BMARK_DNA_VIRAL	virsorter2_native	host_source	sewage (S)	1	1	1.0
BMARK_DNA_VIRAL	virsorter2_native	host_source	unknown (S)	6	6	1.0
BMARK_DNA_VIRAL	virsorter2_native	host_source	vertebrates	137	132	0.9635036496350365
BMARK_RNA_VIRAL	cenotetaker3	family	Alphaflexiviridae	2	2	1.0
BMARK_RNA_VIRAL	cenotetaker3	family	Alphaormycoviridae	4	0	0.0
BMARK_RNA_VIRAL	cenotetaker3	family	Alvernaviridae	1	1	1.0
BMARK_RNA_VIRAL	cenotetaker3	family	Amalgaviridae	5	5	1.0
BMARK_RNA_VIRAL	cenotetaker3	family	Ambiguiviridae	3	3	1.0
BMARK_RNA_VIRAL	cenotetaker3	family	Arenaviridae	37	36	0.972972972972973
BMARK_RNA_VIRAL	cenotetaker3	family	Arteriviridae	1	1	1.0
BMARK_RNA_VIRAL	cenotetaker3	family	Artiviridae	2	2	1.0
BMARK_RNA_VIRAL	cenotetaker3	family	Artoviridae	1	1	1.0
BMARK_RNA_VIRAL	cenotetaker3	family	Atkinsviridae	10	10	1.0
BMARK_RNA_VIRAL	cenotetaker3	family	Avsunviroidae	2	0	0.0
BMARK_RNA_VIRAL	cenotetaker3	family	Belpaoviridae	4	0	0.0
BMARK_RNA_VIRAL	cenotetaker3	family	Betaflexiviridae	9	9	1.0
BMARK_RNA_VIRAL	cenotetaker3	family	Betaormycoviridae	4	0	0.0
BMARK_RNA_VIRAL	cenotetaker3	family	Botourmiaviridae	7	7	1.0
BMARK_RNA_VIRAL	cenotetaker3	family	Botybirnaviridae	2	1	0.5
BMARK_RNA_VIRAL	cenotetaker3	family	Bromoviridae	6	4	0.6666666666666666
BMARK_RNA_VIRAL	cenotetaker3	family	Chuviridae	2	2	1.0
BMARK_RNA_VIRAL	cenotetaker3	family	Closteroviridae	5	5	1.0
BMARK_RNA_VIRAL	cenotetaker3	family	Coronaviridae	2	2	1.0
BMARK_RNA_VIRAL	cenotetaker3	family	Curvulaviridae	2	1	0.5
BMARK_RNA_VIRAL	cenotetaker3	family	Cystoviridae	6	2	0.3333333333333333
BMARK_RNA_VIRAL	cenotetaker3	family	Deltaormycoviridae	2	0	0.0
BMARK_RNA_VIRAL	cenotetaker3	family	Discoviridae	3	2	0.6666666666666666
BMARK_RNA_VIRAL	cenotetaker3	family	Dumbiviridae	2	0	0.0
BMARK_RNA_VIRAL	cenotetaker3	family	Endornaviridae	2	2	1.0
BMARK_RNA_VIRAL	cenotetaker3	family	Fiersviridae	24	24	1.0
BMARK_RNA_VIRAL	cenotetaker3	family	Fimoviridae	16	7	0.4375
BMARK_RNA_VIRAL	cenotetaker3	family	Flaviviridae	2	2	1.0
BMARK_RNA_VIRAL	cenotetaker3	family	Fusagraviridae	3	3	1.0
BMARK_RNA_VIRAL	cenotetaker3	family	Fusariviridae	5	5	1.0
BMARK_RNA_VIRAL	cenotetaker3	family	Gammaormycoviridae	6	0	0.0
BMARK_RNA_VIRAL	cenotetaker3	family	Hantaviridae	15	10	0.6666666666666666
BMARK_RNA_VIRAL	cenotetaker3	family	Hepaciviridae	2	2	1.0
BMARK_RNA_VIRAL	cenotetaker3	family	Hepeviridae	1	1	1.0
BMARK_RNA_VIRAL	cenotetaker3	family	Hypoviridae	2	1	0.5
BMARK_RNA_VIRAL	cenotetaker3	family	Inseviridae	3	3	1.0
BMARK_RNA_VIRAL	cenotetaker3	family	Kolmioviridae	12	0	0.0
BMARK_RNA_VIRAL	cenotetaker3	family	Konkoviridae	3	2	0.6666666666666666
BMARK_RNA_VIRAL	cenotetaker3	family	Lispiviridae	2	2	1.0
BMARK_RNA_VIRAL	cenotetaker3	family	Marnaviridae	2	2	1.0
BMARK_RNA_VIRAL	cenotetaker3	family	Mayoviridae	2	2	1.0
BMARK_RNA_VIRAL	cenotetaker3	family	Megabirnaviridae	4	2	0.5
BMARK_RNA_VIRAL	cenotetaker3	family	Metaviridae	6	0	0.0
BMARK_RNA_VIRAL	cenotetaker3	family	Mitoviridae	4	3	0.75
BMARK_RNA_VIRAL	cenotetaker3	family	Mymonaviridae	2	2	1.0
BMARK_RNA_VIRAL	cenotetaker3	family	Mypoviridae	3	1	0.3333333333333333
BMARK_RNA_VIRAL	cenotetaker3	family	Nairoviridae	6	4	0.6666666666666666
BMARK_RNA_VIRAL	cenotetaker3	family	Nodaviridae	4	3	0.75
BMARK_RNA_VIRAL	cenotetaker3	family	Nyamiviridae	2	2	1.0
BMARK_RNA_VIRAL	cenotetaker3	family	Orthomyxoviridae	13	9	0.6923076923076923
BMARK_RNA_VIRAL	cenotetaker3	family	Orthototiviridae	7	7	1.0
BMARK_RNA_VIRAL	cenotetaker3	family	Ourmiaviridae	2	1	0.5
BMARK_RNA_VIRAL	cenotetaker3	family	Paramyxoviridae	12	12	1.0
BMARK_RNA_VIRAL	cenotetaker3	family	Partitiviridae	16	14	0.875
BMARK_RNA_VIRAL	cenotetaker3	family	Peribunyaviridae	36	21	0.5833333333333334
BMARK_RNA_VIRAL	cenotetaker3	family	Pestiviridae	2	2	1.0
BMARK_RNA_VIRAL	cenotetaker3	family	Phasmaviridae	15	7	0.4666666666666667
BMARK_RNA_VIRAL	cenotetaker3	family	Phenuiviridae	118	79	0.6694915254237288
BMARK_RNA_VIRAL	cenotetaker3	family	Picornaviridae	5	5	1.0
BMARK_RNA_VIRAL	cenotetaker3	family	Pistolviridae	1	1	1.0
BMARK_RNA_VIRAL	cenotetaker3	family	Polycipiviridae	1	1	1.0
BMARK_RNA_VIRAL	cenotetaker3	family	Polymycoviridae	19	4	0.21052631578947367
BMARK_RNA_VIRAL	cenotetaker3	family	Pospiviroidae	12	0	0.0
BMARK_RNA_VIRAL	cenotetaker3	family	Potyviridae	17	15	0.8823529411764706
BMARK_RNA_VIRAL	cenotetaker3	family	Pseudototiviridae	5	5	1.0
BMARK_RNA_VIRAL	cenotetaker3	family	Pseudoviridae	7	0	0.0
BMARK_RNA_VIRAL	cenotetaker3	family	Qinviridae	2	1	0.5
BMARK_RNA_VIRAL	cenotetaker3	family	Quadriviridae	4	1	0.25
BMARK_RNA_VIRAL	cenotetaker3	family	Quambiviridae	1	0	0.0
BMARK_RNA_VIRAL	cenotetaker3	family	Retroviridae	16	7	0.4375
BMARK_RNA_VIRAL	cenotetaker3	family	Rhabdoviridae	47	44	0.9361702127659575
BMARK_RNA_VIRAL	cenotetaker3	family	Secoviridae	17	14	0.8235294117647058
BMARK_RNA_VIRAL	cenotetaker3	family	Sedoreoviridae	74	23	0.3108108108108108
BMARK_RNA_VIRAL	cenotetaker3	family	Solemoviridae	9	9	1.0
BMARK_RNA_VIRAL	cenotetaker3	family	Solspiviridae	4	4	1.0
BMARK_RNA_VIRAL	cenotetaker3	family	Soropartitiviridae	2	1	0.5
BMARK_RNA_VIRAL	cenotetaker3	family	Spiciviridae	2	2	1.0
BMARK_RNA_VIRAL	cenotetaker3	family	Spinareoviridae	53	13	0.24528301886792453
BMARK_RNA_VIRAL	cenotetaker3	family	Splipalmiviridae	2	0	0.0
BMARK_RNA_VIRAL	cenotetaker3	family	Steitzviridae	49	49	1.0
BMARK_RNA_VIRAL	cenotetaker3	family	Tobaniviridae	1	1	1.0
BMARK_RNA_VIRAL	cenotetaker3	family	Togaviridae	2	2	1.0
BMARK_RNA_VIRAL	cenotetaker3	family	Tombusviridae	6	6	1.0
BMARK_RNA_VIRAL	cenotetaker3	family	Tosoviridae	2	0	0.0
BMARK_RNA_VIRAL	cenotetaker3	family	Tospoviridae	24	16	0.6666666666666666
BMARK_RNA_VIRAL	cenotetaker3	family	Trimbiviridae	1	0	0.0
BMARK_RNA_VIRAL	cenotetaker3	family	Tulasviridae	1	1	1.0
BMARK_RNA_VIRAL	cenotetaker3	family	Tymoviridae	2	2	1.0
BMARK_RNA_VIRAL	cenotetaker3	family	Unambiviridae	1	0	0.0
BMARK_RNA_VIRAL	cenotetaker3	family	Virgaviridae	3	2	0.6666666666666666
BMARK_RNA_VIRAL	cenotetaker3	family	Xinmoviridae	1	1	1.0
BMARK_RNA_VIRAL	cenotetaker3	family	Yadokariviridae	3	3	1.0
BMARK_RNA_VIRAL	cenotetaker3	genome_type	dsRNA	210	90	0.42857142857142855
BMARK_RNA_VIRAL	cenotetaker3	genome_type	ssRNA	42	5	0.11904761904761904
BMARK_RNA_VIRAL	cenotetaker3	genome_type	ssRNA(+)	221	207	0.9366515837104072
BMARK_RNA_VIRAL	cenotetaker3	genome_type	ssRNA(+/-)	72	55	0.7638888888888888
BMARK_RNA_VIRAL	cenotetaker3	genome_type	ssRNA(-)	202	138	0.6831683168316832
BMARK_RNA_VIRAL	cenotetaker3	genome_type	ssRNA(-); ssRNA(+/-)	94	64	0.6808510638297872
BMARK_RNA_VIRAL	cenotetaker3	genome_type	ssRNA-RT	33	7	0.21212121212121213
BMARK_RNA_VIRAL	cenotetaker3	host_source	bacteria	37	32	0.8648648648648649
BMARK_RNA_VIRAL	cenotetaker3	host_source	freshwater (S)	4	3	0.75
BMARK_RNA_VIRAL	cenotetaker3	host_source	fungi	104	59	0.5673076923076923
BMARK_RNA_VIRAL	cenotetaker3	host_source	invertebrates	111	68	0.6126126126126126
BMARK_RNA_VIRAL	cenotetaker3	host_source	invertebrates (S)	8	4	0.5
BMARK_RNA_VIRAL	cenotetaker3	host_source	invertebrates, plants	29	18	0.6206896551724138
BMARK_RNA_VIRAL	cenotetaker3	host_source	invertebrates, vertebrates	155	81	0.5225806451612903
BMARK_RNA_VIRAL	cenotetaker3	host_source	marine (S)	2	2	1.0
BMARK_RNA_VIRAL	cenotetaker3	host_source	plants	153	112	0.7320261437908496
BMARK_RNA_VIRAL	cenotetaker3	host_source	plants (S)	2	2	1.0
BMARK_RNA_VIRAL	cenotetaker3	host_source	protists	9	5	0.5555555555555556
BMARK_RNA_VIRAL	cenotetaker3	host_source	protists (S)	6	0	0.0
BMARK_RNA_VIRAL	cenotetaker3	host_source	soil (S)	63	61	0.9682539682539683
BMARK_RNA_VIRAL	cenotetaker3	host_source	unknown (S)	6	6	1.0
BMARK_RNA_VIRAL	cenotetaker3	host_source	vertebrates	185	113	0.6108108108108108
BMARK_RNA_VIRAL	deep6	family	Alphaflexiviridae	2	2	1.0
BMARK_RNA_VIRAL	deep6	family	Alphaormycoviridae	4	3	0.75
BMARK_RNA_VIRAL	deep6	family	Alvernaviridae	1	1	1.0
BMARK_RNA_VIRAL	deep6	family	Amalgaviridae	5	5	1.0
BMARK_RNA_VIRAL	deep6	family	Ambiguiviridae	3	3	1.0
BMARK_RNA_VIRAL	deep6	family	Arenaviridae	37	37	1.0
BMARK_RNA_VIRAL	deep6	family	Arteriviridae	1	1	1.0
BMARK_RNA_VIRAL	deep6	family	Artiviridae	2	2	1.0
BMARK_RNA_VIRAL	deep6	family	Artoviridae	1	1	1.0
BMARK_RNA_VIRAL	deep6	family	Atkinsviridae	10	10	1.0
BMARK_RNA_VIRAL	deep6	family	Avsunviroidae	2	1	0.5
BMARK_RNA_VIRAL	deep6	family	Belpaoviridae	4	2	0.5
BMARK_RNA_VIRAL	deep6	family	Betaflexiviridae	9	9	1.0
BMARK_RNA_VIRAL	deep6	family	Betaormycoviridae	4	3	0.75
BMARK_RNA_VIRAL	deep6	family	Botourmiaviridae	7	4	0.5714285714285714
BMARK_RNA_VIRAL	deep6	family	Botybirnaviridae	2	2	1.0
BMARK_RNA_VIRAL	deep6	family	Bromoviridae	6	5	0.8333333333333334
BMARK_RNA_VIRAL	deep6	family	Chuviridae	2	2	1.0
BMARK_RNA_VIRAL	deep6	family	Closteroviridae	5	5	1.0
BMARK_RNA_VIRAL	deep6	family	Coronaviridae	2	2	1.0
BMARK_RNA_VIRAL	deep6	family	Curvulaviridae	2	2	1.0
BMARK_RNA_VIRAL	deep6	family	Cystoviridae	6	1	0.16666666666666666
BMARK_RNA_VIRAL	deep6	family	Deltaormycoviridae	2	1	0.5
BMARK_RNA_VIRAL	deep6	family	Discoviridae	3	3	1.0
BMARK_RNA_VIRAL	deep6	family	Dumbiviridae	2	1	0.5
BMARK_RNA_VIRAL	deep6	family	Endornaviridae	2	2	1.0
BMARK_RNA_VIRAL	deep6	family	Fiersviridae	24	22	0.9166666666666666
BMARK_RNA_VIRAL	deep6	family	Fimoviridae	16	14	0.875
BMARK_RNA_VIRAL	deep6	family	Flaviviridae	2	2	1.0
BMARK_RNA_VIRAL	deep6	family	Fusagraviridae	3	3	1.0
BMARK_RNA_VIRAL	deep6	family	Fusariviridae	5	5	1.0
BMARK_RNA_VIRAL	deep6	family	Gammaormycoviridae	6	4	0.6666666666666666
BMARK_RNA_VIRAL	deep6	family	Hantaviridae	15	15	1.0
BMARK_RNA_VIRAL	deep6	family	Hepaciviridae	2	2	1.0
BMARK_RNA_VIRAL	deep6	family	Hepeviridae	1	1	1.0
BMARK_RNA_VIRAL	deep6	family	Hypoviridae	2	2	1.0
BMARK_RNA_VIRAL	deep6	family	Inseviridae	3	3	1.0
BMARK_RNA_VIRAL	deep6	family	Kolmioviridae	12	3	0.25
BMARK_RNA_VIRAL	deep6	family	Konkoviridae	3	2	0.6666666666666666
BMARK_RNA_VIRAL	deep6	family	Lispiviridae	2	2	1.0
BMARK_RNA_VIRAL	deep6	family	Marnaviridae	2	1	0.5
BMARK_RNA_VIRAL	deep6	family	Mayoviridae	2	2	1.0
BMARK_RNA_VIRAL	deep6	family	Megabirnaviridae	4	3	0.75
BMARK_RNA_VIRAL	deep6	family	Metaviridae	6	3	0.5
BMARK_RNA_VIRAL	deep6	family	Mitoviridae	4	4	1.0
BMARK_RNA_VIRAL	deep6	family	Mymonaviridae	2	1	0.5
BMARK_RNA_VIRAL	deep6	family	Mypoviridae	3	3	1.0
BMARK_RNA_VIRAL	deep6	family	Nairoviridae	6	6	1.0
BMARK_RNA_VIRAL	deep6	family	Nodaviridae	4	3	0.75
BMARK_RNA_VIRAL	deep6	family	Nyamiviridae	2	2	1.0
BMARK_RNA_VIRAL	deep6	family	Orthomyxoviridae	13	12	0.9230769230769231
BMARK_RNA_VIRAL	deep6	family	Orthototiviridae	7	7	1.0
BMARK_RNA_VIRAL	deep6	family	Ourmiaviridae	2	2	1.0
BMARK_RNA_VIRAL	deep6	family	Paramyxoviridae	12	12	1.0
BMARK_RNA_VIRAL	deep6	family	Partitiviridae	16	11	0.6875
BMARK_RNA_VIRAL	deep6	family	Peribunyaviridae	36	30	0.8333333333333334
BMARK_RNA_VIRAL	deep6	family	Pestiviridae	2	2	1.0
BMARK_RNA_VIRAL	deep6	family	Phasmaviridae	15	14	0.9333333333333333
BMARK_RNA_VIRAL	deep6	family	Phenuiviridae	118	115	0.9745762711864406
BMARK_RNA_VIRAL	deep6	family	Picornaviridae	5	5	1.0
BMARK_RNA_VIRAL	deep6	family	Pistolviridae	1	1	1.0
BMARK_RNA_VIRAL	deep6	family	Polycipiviridae	1	1	1.0
BMARK_RNA_VIRAL	deep6	family	Polymycoviridae	19	8	0.42105263157894735
BMARK_RNA_VIRAL	deep6	family	Pospiviroidae	12	2	0.16666666666666666
BMARK_RNA_VIRAL	deep6	family	Potyviridae	17	17	1.0
BMARK_RNA_VIRAL	deep6	family	Pseudototiviridae	5	4	0.8
BMARK_RNA_VIRAL	deep6	family	Pseudoviridae	7	7	1.0
BMARK_RNA_VIRAL	deep6	family	Qinviridae	2	2	1.0
BMARK_RNA_VIRAL	deep6	family	Quadriviridae	4	4	1.0
BMARK_RNA_VIRAL	deep6	family	Quambiviridae	1	1	1.0
BMARK_RNA_VIRAL	deep6	family	Retroviridae	16	16	1.0
BMARK_RNA_VIRAL	deep6	family	Rhabdoviridae	47	47	1.0
BMARK_RNA_VIRAL	deep6	family	Secoviridae	17	17	1.0
BMARK_RNA_VIRAL	deep6	family	Sedoreoviridae	74	39	0.527027027027027
BMARK_RNA_VIRAL	deep6	family	Solemoviridae	9	9	1.0
BMARK_RNA_VIRAL	deep6	family	Solspiviridae	4	3	0.75
BMARK_RNA_VIRAL	deep6	family	Soropartitiviridae	2	2	1.0
BMARK_RNA_VIRAL	deep6	family	Spiciviridae	2	2	1.0
BMARK_RNA_VIRAL	deep6	family	Spinareoviridae	53	46	0.8679245283018868
BMARK_RNA_VIRAL	deep6	family	Splipalmiviridae	2	1	0.5
BMARK_RNA_VIRAL	deep6	family	Steitzviridae	49	47	0.9591836734693877
BMARK_RNA_VIRAL	deep6	family	Tobaniviridae	1	1	1.0
BMARK_RNA_VIRAL	deep6	family	Togaviridae	2	2	1.0
BMARK_RNA_VIRAL	deep6	family	Tombusviridae	6	5	0.8333333333333334
BMARK_RNA_VIRAL	deep6	family	Tosoviridae	2	2	1.0
BMARK_RNA_VIRAL	deep6	family	Tospoviridae	24	24	1.0
BMARK_RNA_VIRAL	deep6	family	Trimbiviridae	1	0	0.0
BMARK_RNA_VIRAL	deep6	family	Tulasviridae	1	1	1.0
BMARK_RNA_VIRAL	deep6	family	Tymoviridae	2	2	1.0
BMARK_RNA_VIRAL	deep6	family	Unambiviridae	1	1	1.0
BMARK_RNA_VIRAL	deep6	family	Virgaviridae	3	3	1.0
BMARK_RNA_VIRAL	deep6	family	Xinmoviridae	1	1	1.0
BMARK_RNA_VIRAL	deep6	family	Yadokariviridae	3	1	0.3333333333333333
BMARK_RNA_VIRAL	deep6	genome_type	dsRNA	210	145	0.6904761904761905
BMARK_RNA_VIRAL	deep6	genome_type	ssRNA	42	25	0.5952380952380952
BMARK_RNA_VIRAL	deep6	genome_type	ssRNA(+)	221	206	0.9321266968325792
BMARK_RNA_VIRAL	deep6	genome_type	ssRNA(+/-)	72	70	0.9722222222222222
BMARK_RNA_VIRAL	deep6	genome_type	ssRNA(-)	202	180	0.8910891089108911
BMARK_RNA_VIRAL	deep6	genome_type	ssRNA(-); ssRNA(+/-)	94	93	0.9893617021276596
BMARK_RNA_VIRAL	deep6	genome_type	ssRNA-RT	33	28	0.8484848484848485
BMARK_RNA_VIRAL	deep6	host_source	bacteria	37	31	0.8378378378378378
BMARK_RNA_VIRAL	deep6	host_source	freshwater (S)	4	4	1.0
BMARK_RNA_VIRAL	deep6	host_source	fungi	104	78	0.75
BMARK_RNA_VIRAL	deep6	host_source	invertebrates	111	97	0.8738738738738738
BMARK_RNA_VIRAL	deep6	host_source	invertebrates (S)	8	8	1.0
BMARK_RNA_VIRAL	deep6	host_source	invertebrates, plants	29	29	1.0
BMARK_RNA_VIRAL	deep6	host_source	invertebrates, vertebrates	155	124	0.8
BMARK_RNA_VIRAL	deep6	host_source	marine (S)	2	1	0.5
BMARK_RNA_VIRAL	deep6	host_source	plants	153	136	0.8888888888888888
BMARK_RNA_VIRAL	deep6	host_source	plants (S)	2	2	1.0
BMARK_RNA_VIRAL	deep6	host_source	protists	9	8	0.8888888888888888
BMARK_RNA_VIRAL	deep6	host_source	protists (S)	6	4	0.6666666666666666
BMARK_RNA_VIRAL	deep6	host_source	soil (S)	63	59	0.9365079365079365
BMARK_RNA_VIRAL	deep6	host_source	unknown (S)	6	4	0.6666666666666666
BMARK_RNA_VIRAL	deep6	host_source	vertebrates	185	162	0.8756756756756757
BMARK_RNA_VIRAL	genomad	family	Alphaflexiviridae	2	2	1.0
BMARK_RNA_VIRAL	genomad	family	Alphaormycoviridae	4	1	0.25
BMARK_RNA_VIRAL	genomad	family	Alvernaviridae	1	1	1.0
BMARK_RNA_VIRAL	genomad	family	Amalgaviridae	5	5	1.0
BMARK_RNA_VIRAL	genomad	family	Ambiguiviridae	3	2	0.6666666666666666
BMARK_RNA_VIRAL	genomad	family	Arenaviridae	37	31	0.8378378378378378
BMARK_RNA_VIRAL	genomad	family	Arteriviridae	1	1	1.0
BMARK_RNA_VIRAL	genomad	family	Artiviridae	2	2	1.0
BMARK_RNA_VIRAL	genomad	family	Artoviridae	1	0	0.0
BMARK_RNA_VIRAL	genomad	family	Atkinsviridae	10	10	1.0
BMARK_RNA_VIRAL	genomad	family	Avsunviroidae	2	0	0.0
BMARK_RNA_VIRAL	genomad	family	Belpaoviridae	4	0	0.0
BMARK_RNA_VIRAL	genomad	family	Betaflexiviridae	9	8	0.8888888888888888
BMARK_RNA_VIRAL	genomad	family	Betaormycoviridae	4	0	0.0
BMARK_RNA_VIRAL	genomad	family	Botourmiaviridae	7	7	1.0
BMARK_RNA_VIRAL	genomad	family	Botybirnaviridae	2	2	1.0
BMARK_RNA_VIRAL	genomad	family	Bromoviridae	6	6	1.0
BMARK_RNA_VIRAL	genomad	family	Chuviridae	2	2	1.0
BMARK_RNA_VIRAL	genomad	family	Closteroviridae	5	5	1.0
BMARK_RNA_VIRAL	genomad	family	Coronaviridae	2	2	1.0
BMARK_RNA_VIRAL	genomad	family	Curvulaviridae	2	1	0.5
BMARK_RNA_VIRAL	genomad	family	Cystoviridae	6	6	1.0
BMARK_RNA_VIRAL	genomad	family	Deltaormycoviridae	2	1	0.5
BMARK_RNA_VIRAL	genomad	family	Discoviridae	3	1	0.3333333333333333
BMARK_RNA_VIRAL	genomad	family	Dumbiviridae	2	0	0.0
BMARK_RNA_VIRAL	genomad	family	Endornaviridae	2	2	1.0
BMARK_RNA_VIRAL	genomad	family	Fiersviridae	24	24	1.0
BMARK_RNA_VIRAL	genomad	family	Fimoviridae	16	3	0.1875
BMARK_RNA_VIRAL	genomad	family	Flaviviridae	2	2	1.0
BMARK_RNA_VIRAL	genomad	family	Fusagraviridae	3	3	1.0
BMARK_RNA_VIRAL	genomad	family	Fusariviridae	5	5	1.0
BMARK_RNA_VIRAL	genomad	family	Gammaormycoviridae	6	2	0.3333333333333333
BMARK_RNA_VIRAL	genomad	family	Hantaviridae	15	10	0.6666666666666666
BMARK_RNA_VIRAL	genomad	family	Hepaciviridae	2	2	1.0
BMARK_RNA_VIRAL	genomad	family	Hepeviridae	1	1	1.0
BMARK_RNA_VIRAL	genomad	family	Hypoviridae	2	2	1.0
BMARK_RNA_VIRAL	genomad	family	Inseviridae	3	3	1.0
BMARK_RNA_VIRAL	genomad	family	Kolmioviridae	12	0	0.0
BMARK_RNA_VIRAL	genomad	family	Konkoviridae	3	2	0.6666666666666666
BMARK_RNA_VIRAL	genomad	family	Lispiviridae	2	2	1.0
BMARK_RNA_VIRAL	genomad	family	Marnaviridae	2	2	1.0
BMARK_RNA_VIRAL	genomad	family	Mayoviridae	2	1	0.5
BMARK_RNA_VIRAL	genomad	family	Megabirnaviridae	4	1	0.25
BMARK_RNA_VIRAL	genomad	family	Metaviridae	6	1	0.16666666666666666
BMARK_RNA_VIRAL	genomad	family	Mitoviridae	4	4	1.0
BMARK_RNA_VIRAL	genomad	family	Mymonaviridae	2	2	1.0
BMARK_RNA_VIRAL	genomad	family	Mypoviridae	3	1	0.3333333333333333
BMARK_RNA_VIRAL	genomad	family	Nairoviridae	6	6	1.0
BMARK_RNA_VIRAL	genomad	family	Nodaviridae	4	4	1.0
BMARK_RNA_VIRAL	genomad	family	Nyamiviridae	2	1	0.5
BMARK_RNA_VIRAL	genomad	family	Orthomyxoviridae	13	4	0.3076923076923077
BMARK_RNA_VIRAL	genomad	family	Orthototiviridae	7	7	1.0
BMARK_RNA_VIRAL	genomad	family	Ourmiaviridae	2	2	1.0
BMARK_RNA_VIRAL	genomad	family	Paramyxoviridae	12	12	1.0
BMARK_RNA_VIRAL	genomad	family	Partitiviridae	16	8	0.5
BMARK_RNA_VIRAL	genomad	family	Peribunyaviridae	36	36	1.0
BMARK_RNA_VIRAL	genomad	family	Pestiviridae	2	2	1.0
BMARK_RNA_VIRAL	genomad	family	Phasmaviridae	15	6	0.4
BMARK_RNA_VIRAL	genomad	family	Phenuiviridae	118	102	0.864406779661017
BMARK_RNA_VIRAL	genomad	family	Picornaviridae	5	5	1.0
BMARK_RNA_VIRAL	genomad	family	Pistolviridae	1	1	1.0
BMARK_RNA_VIRAL	genomad	family	Polycipiviridae	1	1	1.0
BMARK_RNA_VIRAL	genomad	family	Polymycoviridae	19	4	0.21052631578947367
BMARK_RNA_VIRAL	genomad	family	Pospiviroidae	12	0	0.0
BMARK_RNA_VIRAL	genomad	family	Potyviridae	17	15	0.8823529411764706
BMARK_RNA_VIRAL	genomad	family	Pseudototiviridae	5	5	1.0
BMARK_RNA_VIRAL	genomad	family	Pseudoviridae	7	2	0.2857142857142857
BMARK_RNA_VIRAL	genomad	family	Qinviridae	2	1	0.5
BMARK_RNA_VIRAL	genomad	family	Quadriviridae	4	1	0.25
BMARK_RNA_VIRAL	genomad	family	Quambiviridae	1	1	1.0
BMARK_RNA_VIRAL	genomad	family	Retroviridae	16	13	0.8125
BMARK_RNA_VIRAL	genomad	family	Rhabdoviridae	47	47	1.0
BMARK_RNA_VIRAL	genomad	family	Secoviridae	17	14	0.8235294117647058
BMARK_RNA_VIRAL	genomad	family	Sedoreoviridae	74	37	0.5
BMARK_RNA_VIRAL	genomad	family	Solemoviridae	9	9	1.0
BMARK_RNA_VIRAL	genomad	family	Solspiviridae	4	4	1.0
BMARK_RNA_VIRAL	genomad	family	Soropartitiviridae	2	1	0.5
BMARK_RNA_VIRAL	genomad	family	Spiciviridae	2	2	1.0
BMARK_RNA_VIRAL	genomad	family	Spinareoviridae	53	32	0.6037735849056604
BMARK_RNA_VIRAL	genomad	family	Splipalmiviridae	2	1	0.5
BMARK_RNA_VIRAL	genomad	family	Steitzviridae	49	49	1.0
BMARK_RNA_VIRAL	genomad	family	Tobaniviridae	1	1	1.0
BMARK_RNA_VIRAL	genomad	family	Togaviridae	2	2	1.0
BMARK_RNA_VIRAL	genomad	family	Tombusviridae	6	6	1.0
BMARK_RNA_VIRAL	genomad	family	Tosoviridae	2	0	0.0
BMARK_RNA_VIRAL	genomad	family	Tospoviridae	24	22	0.9166666666666666
BMARK_RNA_VIRAL	genomad	family	Trimbiviridae	1	0	0.0
BMARK_RNA_VIRAL	genomad	family	Tulasviridae	1	0	0.0
BMARK_RNA_VIRAL	genomad	family	Tymoviridae	2	2	1.0
BMARK_RNA_VIRAL	genomad	family	Unambiviridae	1	0	0.0
BMARK_RNA_VIRAL	genomad	family	Virgaviridae	3	3	1.0
BMARK_RNA_VIRAL	genomad	family	Xinmoviridae	1	1	1.0
BMARK_RNA_VIRAL	genomad	family	Yadokariviridae	3	3	1.0
BMARK_RNA_VIRAL	genomad	genome_type	dsRNA	210	121	0.5761904761904761
BMARK_RNA_VIRAL	genomad	genome_type	ssRNA	42	9	0.21428571428571427
BMARK_RNA_VIRAL	genomad	genome_type	ssRNA(+)	221	212	0.9592760180995475
BMARK_RNA_VIRAL	genomad	genome_type	ssRNA(+/-)	72	60	0.8333333333333334
BMARK_RNA_VIRAL	genomad	genome_type	ssRNA(-)	202	147	0.7277227722772277
BMARK_RNA_VIRAL	genomad	genome_type	ssRNA(-); ssRNA(+/-)	94	81	0.8617021276595744
BMARK_RNA_VIRAL	genomad	genome_type	ssRNA-RT	33	16	0.48484848484848486
BMARK_RNA_VIRAL	genomad	host_source	bacteria	37	36	0.972972972972973
BMARK_RNA_VIRAL	genomad	host_source	freshwater (S)	4	2	0.5
BMARK_RNA_VIRAL	genomad	host_source	fungi	104	58	0.5576923076923077
BMARK_RNA_VIRAL	genomad	host_source	invertebrates	111	85	0.7657657657657657
BMARK_RNA_VIRAL	genomad	host_source	invertebrates (S)	8	4	0.5
BMARK_RNA_VIRAL	genomad	host_source	invertebrates, plants	29	24	0.8275862068965517
BMARK_RNA_VIRAL	genomad	host_source	invertebrates, vertebrates	155	113	0.7290322580645161
BMARK_RNA_VIRAL	genomad	host_source	marine (S)	2	2	1.0
BMARK_RNA_VIRAL	genomad	host_source	plants	153	107	0.6993464052287581
BMARK_RNA_VIRAL	genomad	host_source	plants (S)	2	2	1.0
BMARK_RNA_VIRAL	genomad	host_source	protists	9	5	0.5555555555555556
BMARK_RNA_VIRAL	genomad	host_source	protists (S)	6	1	0.16666666666666666
BMARK_RNA_VIRAL	genomad	host_source	soil (S)	63	61	0.9682539682539683
BMARK_RNA_VIRAL	genomad	host_source	unknown (S)	6	6	1.0
BMARK_RNA_VIRAL	genomad	host_source	vertebrates	185	140	0.7567567567567568
BMARK_RNA_VIRAL	viSUM_OFF	family	Alphaflexiviridae	2	2	1.0
BMARK_RNA_VIRAL	viSUM_OFF	family	Alphaormycoviridae	4	2	0.5
BMARK_RNA_VIRAL	viSUM_OFF	family	Alvernaviridae	1	1	1.0
BMARK_RNA_VIRAL	viSUM_OFF	family	Amalgaviridae	5	5	1.0
BMARK_RNA_VIRAL	viSUM_OFF	family	Ambiguiviridae	3	3	1.0
BMARK_RNA_VIRAL	viSUM_OFF	family	Arenaviridae	37	37	1.0
BMARK_RNA_VIRAL	viSUM_OFF	family	Arteriviridae	1	1	1.0
BMARK_RNA_VIRAL	viSUM_OFF	family	Artiviridae	2	2	1.0
BMARK_RNA_VIRAL	viSUM_OFF	family	Artoviridae	1	1	1.0
BMARK_RNA_VIRAL	viSUM_OFF	family	Atkinsviridae	10	10	1.0
BMARK_RNA_VIRAL	viSUM_OFF	family	Avsunviroidae	2	0	0.0
BMARK_RNA_VIRAL	viSUM_OFF	family	Belpaoviridae	4	0	0.0
BMARK_RNA_VIRAL	viSUM_OFF	family	Betaflexiviridae	9	9	1.0
BMARK_RNA_VIRAL	viSUM_OFF	family	Betaormycoviridae	4	3	0.75
BMARK_RNA_VIRAL	viSUM_OFF	family	Botourmiaviridae	7	7	1.0
BMARK_RNA_VIRAL	viSUM_OFF	family	Botybirnaviridae	2	2	1.0
BMARK_RNA_VIRAL	viSUM_OFF	family	Bromoviridae	6	6	1.0
BMARK_RNA_VIRAL	viSUM_OFF	family	Chuviridae	2	2	1.0
BMARK_RNA_VIRAL	viSUM_OFF	family	Closteroviridae	5	5	1.0
BMARK_RNA_VIRAL	viSUM_OFF	family	Coronaviridae	2	2	1.0
BMARK_RNA_VIRAL	viSUM_OFF	family	Curvulaviridae	2	2	1.0
BMARK_RNA_VIRAL	viSUM_OFF	family	Cystoviridae	6	5	0.8333333333333334
BMARK_RNA_VIRAL	viSUM_OFF	family	Deltaormycoviridae	2	1	0.5
BMARK_RNA_VIRAL	viSUM_OFF	family	Discoviridae	3	3	1.0
BMARK_RNA_VIRAL	viSUM_OFF	family	Dumbiviridae	2	1	0.5
BMARK_RNA_VIRAL	viSUM_OFF	family	Endornaviridae	2	2	1.0
BMARK_RNA_VIRAL	viSUM_OFF	family	Fiersviridae	24	24	1.0
BMARK_RNA_VIRAL	viSUM_OFF	family	Fimoviridae	16	14	0.875
BMARK_RNA_VIRAL	viSUM_OFF	family	Flaviviridae	2	2	1.0
BMARK_RNA_VIRAL	viSUM_OFF	family	Fusagraviridae	3	3	1.0
BMARK_RNA_VIRAL	viSUM_OFF	family	Fusariviridae	5	5	1.0
BMARK_RNA_VIRAL	viSUM_OFF	family	Gammaormycoviridae	6	5	0.8333333333333334
BMARK_RNA_VIRAL	viSUM_OFF	family	Hantaviridae	15	15	1.0
BMARK_RNA_VIRAL	viSUM_OFF	family	Hepaciviridae	2	2	1.0
BMARK_RNA_VIRAL	viSUM_OFF	family	Hepeviridae	1	1	1.0
BMARK_RNA_VIRAL	viSUM_OFF	family	Hypoviridae	2	2	1.0
BMARK_RNA_VIRAL	viSUM_OFF	family	Inseviridae	3	3	1.0
BMARK_RNA_VIRAL	viSUM_OFF	family	Kolmioviridae	12	3	0.25
BMARK_RNA_VIRAL	viSUM_OFF	family	Konkoviridae	3	2	0.6666666666666666
BMARK_RNA_VIRAL	viSUM_OFF	family	Lispiviridae	2	2	1.0
BMARK_RNA_VIRAL	viSUM_OFF	family	Marnaviridae	2	2	1.0
BMARK_RNA_VIRAL	viSUM_OFF	family	Mayoviridae	2	2	1.0
BMARK_RNA_VIRAL	viSUM_OFF	family	Megabirnaviridae	4	3	0.75
BMARK_RNA_VIRAL	viSUM_OFF	family	Metaviridae	6	0	0.0
BMARK_RNA_VIRAL	viSUM_OFF	family	Mitoviridae	4	4	1.0
BMARK_RNA_VIRAL	viSUM_OFF	family	Mymonaviridae	2	2	1.0
BMARK_RNA_VIRAL	viSUM_OFF	family	Mypoviridae	3	3	1.0
BMARK_RNA_VIRAL	viSUM_OFF	family	Nairoviridae	6	6	1.0
BMARK_RNA_VIRAL	viSUM_OFF	family	Nodaviridae	4	4	1.0
BMARK_RNA_VIRAL	viSUM_OFF	family	Nyamiviridae	2	2	1.0
BMARK_RNA_VIRAL	viSUM_OFF	family	Orthomyxoviridae	13	13	1.0
BMARK_RNA_VIRAL	viSUM_OFF	family	Orthototiviridae	7	7	1.0
BMARK_RNA_VIRAL	viSUM_OFF	family	Ourmiaviridae	2	2	1.0
BMARK_RNA_VIRAL	viSUM_OFF	family	Paramyxoviridae	12	12	1.0
BMARK_RNA_VIRAL	viSUM_OFF	family	Partitiviridae	16	16	1.0
BMARK_RNA_VIRAL	viSUM_OFF	family	Peribunyaviridae	36	36	1.0
BMARK_RNA_VIRAL	viSUM_OFF	family	Pestiviridae	2	2	1.0
BMARK_RNA_VIRAL	viSUM_OFF	family	Phasmaviridae	15	15	1.0
BMARK_RNA_VIRAL	viSUM_OFF	family	Phenuiviridae	118	117	0.9915254237288136
BMARK_RNA_VIRAL	viSUM_OFF	family	Picornaviridae	5	5	1.0
BMARK_RNA_VIRAL	viSUM_OFF	family	Pistolviridae	1	1	1.0
BMARK_RNA_VIRAL	viSUM_OFF	family	Polycipiviridae	1	1	1.0
BMARK_RNA_VIRAL	viSUM_OFF	family	Polymycoviridae	19	13	0.6842105263157895
BMARK_RNA_VIRAL	viSUM_OFF	family	Pospiviroidae	12	0	0.0
BMARK_RNA_VIRAL	viSUM_OFF	family	Potyviridae	17	17	1.0
BMARK_RNA_VIRAL	viSUM_OFF	family	Pseudototiviridae	5	5	1.0
BMARK_RNA_VIRAL	viSUM_OFF	family	Pseudoviridae	7	0	0.0
BMARK_RNA_VIRAL	viSUM_OFF	family	Qinviridae	2	2	1.0
BMARK_RNA_VIRAL	viSUM_OFF	family	Quadriviridae	4	4	1.0
BMARK_RNA_VIRAL	viSUM_OFF	family	Quambiviridae	1	1	1.0
BMARK_RNA_VIRAL	viSUM_OFF	family	Retroviridae	16	15	0.9375
BMARK_RNA_VIRAL	viSUM_OFF	family	Rhabdoviridae	47	47	1.0
BMARK_RNA_VIRAL	viSUM_OFF	family	Secoviridae	17	17	1.0
BMARK_RNA_VIRAL	viSUM_OFF	family	Sedoreoviridae	74	57	0.7702702702702703
BMARK_RNA_VIRAL	viSUM_OFF	family	Solemoviridae	9	9	1.0
BMARK_RNA_VIRAL	viSUM_OFF	family	Solspiviridae	4	4	1.0
BMARK_RNA_VIRAL	viSUM_OFF	family	Soropartitiviridae	2	1	0.5
BMARK_RNA_VIRAL	viSUM_OFF	family	Spiciviridae	2	2	1.0
BMARK_RNA_VIRAL	viSUM_OFF	family	Spinareoviridae	53	46	0.8679245283018868
BMARK_RNA_VIRAL	viSUM_OFF	family	Splipalmiviridae	2	2	1.0
BMARK_RNA_VIRAL	viSUM_OFF	family	Steitzviridae	49	49	1.0
BMARK_RNA_VIRAL	viSUM_OFF	family	Tobaniviridae	1	1	1.0
BMARK_RNA_VIRAL	viSUM_OFF	family	Togaviridae	2	2	1.0
BMARK_RNA_VIRAL	viSUM_OFF	family	Tombusviridae	6	6	1.0
BMARK_RNA_VIRAL	viSUM_OFF	family	Tosoviridae	2	2	1.0
BMARK_RNA_VIRAL	viSUM_OFF	family	Tospoviridae	24	24	1.0
BMARK_RNA_VIRAL	viSUM_OFF	family	Trimbiviridae	1	0	0.0
BMARK_RNA_VIRAL	viSUM_OFF	family	Tulasviridae	1	1	1.0
BMARK_RNA_VIRAL	viSUM_OFF	family	Tymoviridae	2	2	1.0
BMARK_RNA_VIRAL	viSUM_OFF	family	Unambiviridae	1	1	1.0
BMARK_RNA_VIRAL	viSUM_OFF	family	Virgaviridae	3	3	1.0
BMARK_RNA_VIRAL	viSUM_OFF	family	Xinmoviridae	1	1	1.0
BMARK_RNA_VIRAL	viSUM_OFF	family	Yadokariviridae	3	3	1.0
BMARK_RNA_VIRAL	viSUM_OFF	genome_type	dsRNA	210	177	0.8428571428571429
BMARK_RNA_VIRAL	viSUM_OFF	genome_type	ssRNA	42	23	0.5476190476190477
BMARK_RNA_VIRAL	viSUM_OFF	genome_type	ssRNA(+)	221	221	1.0
BMARK_RNA_VIRAL	viSUM_OFF	genome_type	ssRNA(+/-)	72	70	0.9722222222222222
BMARK_RNA_VIRAL	viSUM_OFF	genome_type	ssRNA(-)	202	189	0.9356435643564357
BMARK_RNA_VIRAL	viSUM_OFF	genome_type	ssRNA(-); ssRNA(+/-)	94	94	1.0
BMARK_RNA_VIRAL	viSUM_OFF	genome_type	ssRNA-RT	33	15	0.45454545454545453
BMARK_RNA_VIRAL	viSUM_OFF	host_source	bacteria	37	35	0.9459459459459459
BMARK_RNA_VIRAL	viSUM_OFF	host_source	freshwater (S)	4	4	1.0
BMARK_RNA_VIRAL	viSUM_OFF	host_source	fungi	104	89	0.8557692307692307
BMARK_RNA_VIRAL	viSUM_OFF	host_source	invertebrates	111	96	0.8648648648648649
BMARK_RNA_VIRAL	viSUM_OFF	host_source	invertebrates (S)	8	8	1.0
BMARK_RNA_VIRAL	viSUM_OFF	host_source	invertebrates, plants	29	29	1.0
BMARK_RNA_VIRAL	viSUM_OFF	host_source	invertebrates, vertebrates	155	143	0.9225806451612903
BMARK_RNA_VIRAL	viSUM_OFF	host_source	marine (S)	2	2	1.0
BMARK_RNA_VIRAL	viSUM_OFF	host_source	plants	153	132	0.8627450980392157
BMARK_RNA_VIRAL	viSUM_OFF	host_source	plants (S)	2	2	1.0
BMARK_RNA_VIRAL	viSUM_OFF	host_source	protists	9	8	0.8888888888888888
BMARK_RNA_VIRAL	viSUM_OFF	host_source	protists (S)	6	4	0.6666666666666666
BMARK_RNA_VIRAL	viSUM_OFF	host_source	soil (S)	63	63	1.0
BMARK_RNA_VIRAL	viSUM_OFF	host_source	unknown (S)	6	6	1.0
BMARK_RNA_VIRAL	viSUM_OFF	host_source	vertebrates	185	168	0.9081081081081082
BMARK_RNA_VIRAL	viSUM_ON	family	Alphaflexiviridae	2	2	1.0
BMARK_RNA_VIRAL	viSUM_ON	family	Alphaormycoviridae	4	2	0.5
BMARK_RNA_VIRAL	viSUM_ON	family	Alvernaviridae	1	1	1.0
BMARK_RNA_VIRAL	viSUM_ON	family	Amalgaviridae	5	5	1.0
BMARK_RNA_VIRAL	viSUM_ON	family	Ambiguiviridae	3	3	1.0
BMARK_RNA_VIRAL	viSUM_ON	family	Arenaviridae	37	37	1.0
BMARK_RNA_VIRAL	viSUM_ON	family	Arteriviridae	1	1	1.0
BMARK_RNA_VIRAL	viSUM_ON	family	Artiviridae	2	2	1.0
BMARK_RNA_VIRAL	viSUM_ON	family	Artoviridae	1	1	1.0
BMARK_RNA_VIRAL	viSUM_ON	family	Atkinsviridae	10	10	1.0
BMARK_RNA_VIRAL	viSUM_ON	family	Avsunviroidae	2	0	0.0
BMARK_RNA_VIRAL	viSUM_ON	family	Belpaoviridae	4	0	0.0
BMARK_RNA_VIRAL	viSUM_ON	family	Betaflexiviridae	9	9	1.0
BMARK_RNA_VIRAL	viSUM_ON	family	Betaormycoviridae	4	2	0.5
BMARK_RNA_VIRAL	viSUM_ON	family	Botourmiaviridae	7	7	1.0
BMARK_RNA_VIRAL	viSUM_ON	family	Botybirnaviridae	2	2	1.0
BMARK_RNA_VIRAL	viSUM_ON	family	Bromoviridae	6	6	1.0
BMARK_RNA_VIRAL	viSUM_ON	family	Chuviridae	2	2	1.0
BMARK_RNA_VIRAL	viSUM_ON	family	Closteroviridae	5	5	1.0
BMARK_RNA_VIRAL	viSUM_ON	family	Coronaviridae	2	2	1.0
BMARK_RNA_VIRAL	viSUM_ON	family	Curvulaviridae	2	2	1.0
BMARK_RNA_VIRAL	viSUM_ON	family	Cystoviridae	6	5	0.8333333333333334
BMARK_RNA_VIRAL	viSUM_ON	family	Deltaormycoviridae	2	1	0.5
BMARK_RNA_VIRAL	viSUM_ON	family	Discoviridae	3	3	1.0
BMARK_RNA_VIRAL	viSUM_ON	family	Dumbiviridae	2	1	0.5
BMARK_RNA_VIRAL	viSUM_ON	family	Endornaviridae	2	2	1.0
BMARK_RNA_VIRAL	viSUM_ON	family	Fiersviridae	24	24	1.0
BMARK_RNA_VIRAL	viSUM_ON	family	Fimoviridae	16	14	0.875
BMARK_RNA_VIRAL	viSUM_ON	family	Flaviviridae	2	2	1.0
BMARK_RNA_VIRAL	viSUM_ON	family	Fusagraviridae	3	3	1.0
BMARK_RNA_VIRAL	viSUM_ON	family	Fusariviridae	5	5	1.0
BMARK_RNA_VIRAL	viSUM_ON	family	Gammaormycoviridae	6	5	0.8333333333333334
BMARK_RNA_VIRAL	viSUM_ON	family	Hantaviridae	15	15	1.0
BMARK_RNA_VIRAL	viSUM_ON	family	Hepaciviridae	2	2	1.0
BMARK_RNA_VIRAL	viSUM_ON	family	Hepeviridae	1	1	1.0
BMARK_RNA_VIRAL	viSUM_ON	family	Hypoviridae	2	2	1.0
BMARK_RNA_VIRAL	viSUM_ON	family	Inseviridae	3	3	1.0
BMARK_RNA_VIRAL	viSUM_ON	family	Kolmioviridae	12	3	0.25
BMARK_RNA_VIRAL	viSUM_ON	family	Konkoviridae	3	2	0.6666666666666666
BMARK_RNA_VIRAL	viSUM_ON	family	Lispiviridae	2	2	1.0
BMARK_RNA_VIRAL	viSUM_ON	family	Marnaviridae	2	2	1.0
BMARK_RNA_VIRAL	viSUM_ON	family	Mayoviridae	2	2	1.0
BMARK_RNA_VIRAL	viSUM_ON	family	Megabirnaviridae	4	3	0.75
BMARK_RNA_VIRAL	viSUM_ON	family	Metaviridae	6	0	0.0
BMARK_RNA_VIRAL	viSUM_ON	family	Mitoviridae	4	4	1.0
BMARK_RNA_VIRAL	viSUM_ON	family	Mymonaviridae	2	2	1.0
BMARK_RNA_VIRAL	viSUM_ON	family	Mypoviridae	3	3	1.0
BMARK_RNA_VIRAL	viSUM_ON	family	Nairoviridae	6	6	1.0
BMARK_RNA_VIRAL	viSUM_ON	family	Nodaviridae	4	4	1.0
BMARK_RNA_VIRAL	viSUM_ON	family	Nyamiviridae	2	2	1.0
BMARK_RNA_VIRAL	viSUM_ON	family	Orthomyxoviridae	13	13	1.0
BMARK_RNA_VIRAL	viSUM_ON	family	Orthototiviridae	7	7	1.0
BMARK_RNA_VIRAL	viSUM_ON	family	Ourmiaviridae	2	2	1.0
BMARK_RNA_VIRAL	viSUM_ON	family	Paramyxoviridae	12	12	1.0
BMARK_RNA_VIRAL	viSUM_ON	family	Partitiviridae	16	16	1.0
BMARK_RNA_VIRAL	viSUM_ON	family	Peribunyaviridae	36	36	1.0
BMARK_RNA_VIRAL	viSUM_ON	family	Pestiviridae	2	2	1.0
BMARK_RNA_VIRAL	viSUM_ON	family	Phasmaviridae	15	15	1.0
BMARK_RNA_VIRAL	viSUM_ON	family	Phenuiviridae	118	117	0.9915254237288136
BMARK_RNA_VIRAL	viSUM_ON	family	Picornaviridae	5	5	1.0
BMARK_RNA_VIRAL	viSUM_ON	family	Pistolviridae	1	1	1.0
BMARK_RNA_VIRAL	viSUM_ON	family	Polycipiviridae	1	1	1.0
BMARK_RNA_VIRAL	viSUM_ON	family	Polymycoviridae	19	13	0.6842105263157895
BMARK_RNA_VIRAL	viSUM_ON	family	Pospiviroidae	12	0	0.0
BMARK_RNA_VIRAL	viSUM_ON	family	Potyviridae	17	17	1.0
BMARK_RNA_VIRAL	viSUM_ON	family	Pseudototiviridae	5	5	1.0
BMARK_RNA_VIRAL	viSUM_ON	family	Pseudoviridae	7	0	0.0
BMARK_RNA_VIRAL	viSUM_ON	family	Qinviridae	2	2	1.0
BMARK_RNA_VIRAL	viSUM_ON	family	Quadriviridae	4	4	1.0
BMARK_RNA_VIRAL	viSUM_ON	family	Quambiviridae	1	1	1.0
BMARK_RNA_VIRAL	viSUM_ON	family	Retroviridae	16	15	0.9375
BMARK_RNA_VIRAL	viSUM_ON	family	Rhabdoviridae	47	47	1.0
BMARK_RNA_VIRAL	viSUM_ON	family	Secoviridae	17	17	1.0
BMARK_RNA_VIRAL	viSUM_ON	family	Sedoreoviridae	74	57	0.7702702702702703
BMARK_RNA_VIRAL	viSUM_ON	family	Solemoviridae	9	9	1.0
BMARK_RNA_VIRAL	viSUM_ON	family	Solspiviridae	4	4	1.0
BMARK_RNA_VIRAL	viSUM_ON	family	Soropartitiviridae	2	1	0.5
BMARK_RNA_VIRAL	viSUM_ON	family	Spiciviridae	2	2	1.0
BMARK_RNA_VIRAL	viSUM_ON	family	Spinareoviridae	53	46	0.8679245283018868
BMARK_RNA_VIRAL	viSUM_ON	family	Splipalmiviridae	2	2	1.0
BMARK_RNA_VIRAL	viSUM_ON	family	Steitzviridae	49	49	1.0
BMARK_RNA_VIRAL	viSUM_ON	family	Tobaniviridae	1	1	1.0
BMARK_RNA_VIRAL	viSUM_ON	family	Togaviridae	2	2	1.0
BMARK_RNA_VIRAL	viSUM_ON	family	Tombusviridae	6	6	1.0
BMARK_RNA_VIRAL	viSUM_ON	family	Tosoviridae	2	2	1.0
BMARK_RNA_VIRAL	viSUM_ON	family	Tospoviridae	24	24	1.0
BMARK_RNA_VIRAL	viSUM_ON	family	Trimbiviridae	1	0	0.0
BMARK_RNA_VIRAL	viSUM_ON	family	Tulasviridae	1	1	1.0
BMARK_RNA_VIRAL	viSUM_ON	family	Tymoviridae	2	2	1.0
BMARK_RNA_VIRAL	viSUM_ON	family	Unambiviridae	1	1	1.0
BMARK_RNA_VIRAL	viSUM_ON	family	Virgaviridae	3	3	1.0
BMARK_RNA_VIRAL	viSUM_ON	family	Xinmoviridae	1	1	1.0
BMARK_RNA_VIRAL	viSUM_ON	family	Yadokariviridae	3	3	1.0
BMARK_RNA_VIRAL	viSUM_ON	genome_type	dsRNA	210	177	0.8428571428571429
BMARK_RNA_VIRAL	viSUM_ON	genome_type	ssRNA	42	22	0.5238095238095238
BMARK_RNA_VIRAL	viSUM_ON	genome_type	ssRNA(+)	221	221	1.0
BMARK_RNA_VIRAL	viSUM_ON	genome_type	ssRNA(+/-)	72	70	0.9722222222222222
BMARK_RNA_VIRAL	viSUM_ON	genome_type	ssRNA(-)	202	189	0.9356435643564357
BMARK_RNA_VIRAL	viSUM_ON	genome_type	ssRNA(-); ssRNA(+/-)	94	94	1.0
BMARK_RNA_VIRAL	viSUM_ON	genome_type	ssRNA-RT	33	15	0.45454545454545453
BMARK_RNA_VIRAL	viSUM_ON	host_source	bacteria	37	35	0.9459459459459459
BMARK_RNA_VIRAL	viSUM_ON	host_source	freshwater (S)	4	4	1.0
BMARK_RNA_VIRAL	viSUM_ON	host_source	fungi	104	88	0.8461538461538461
BMARK_RNA_VIRAL	viSUM_ON	host_source	invertebrates	111	96	0.8648648648648649
BMARK_RNA_VIRAL	viSUM_ON	host_source	invertebrates (S)	8	8	1.0
BMARK_RNA_VIRAL	viSUM_ON	host_source	invertebrates, plants	29	29	1.0
BMARK_RNA_VIRAL	viSUM_ON	host_source	invertebrates, vertebrates	155	143	0.9225806451612903
BMARK_RNA_VIRAL	viSUM_ON	host_source	marine (S)	2	2	1.0
BMARK_RNA_VIRAL	viSUM_ON	host_source	plants	153	132	0.8627450980392157
BMARK_RNA_VIRAL	viSUM_ON	host_source	plants (S)	2	2	1.0
BMARK_RNA_VIRAL	viSUM_ON	host_source	protists	9	8	0.8888888888888888
BMARK_RNA_VIRAL	viSUM_ON	host_source	protists (S)	6	4	0.6666666666666666
BMARK_RNA_VIRAL	viSUM_ON	host_source	soil (S)	63	63	1.0
BMARK_RNA_VIRAL	viSUM_ON	host_source	unknown (S)	6	6	1.0
BMARK_RNA_VIRAL	viSUM_ON	host_source	vertebrates	185	168	0.9081081081081082
BMARK_RNA_VIRAL	vicat	family	Alphaflexiviridae	2	2	1.0
BMARK_RNA_VIRAL	vicat	family	Alphaormycoviridae	4	2	0.5
BMARK_RNA_VIRAL	vicat	family	Alvernaviridae	1	1	1.0
BMARK_RNA_VIRAL	vicat	family	Amalgaviridae	5	5	1.0
BMARK_RNA_VIRAL	vicat	family	Ambiguiviridae	3	3	1.0
BMARK_RNA_VIRAL	vicat	family	Arenaviridae	37	37	1.0
BMARK_RNA_VIRAL	vicat	family	Arteriviridae	1	1	1.0
BMARK_RNA_VIRAL	vicat	family	Artiviridae	2	2	1.0
BMARK_RNA_VIRAL	vicat	family	Artoviridae	1	1	1.0
BMARK_RNA_VIRAL	vicat	family	Atkinsviridae	10	10	1.0
BMARK_RNA_VIRAL	vicat	family	Avsunviroidae	2	0	0.0
BMARK_RNA_VIRAL	vicat	family	Belpaoviridae	4	0	0.0
BMARK_RNA_VIRAL	vicat	family	Betaflexiviridae	9	9	1.0
BMARK_RNA_VIRAL	vicat	family	Betaormycoviridae	4	4	1.0
BMARK_RNA_VIRAL	vicat	family	Botourmiaviridae	7	7	1.0
BMARK_RNA_VIRAL	vicat	family	Botybirnaviridae	2	2	1.0
BMARK_RNA_VIRAL	vicat	family	Bromoviridae	6	6	1.0
BMARK_RNA_VIRAL	vicat	family	Chuviridae	2	2	1.0
BMARK_RNA_VIRAL	vicat	family	Closteroviridae	5	5	1.0
BMARK_RNA_VIRAL	vicat	family	Coronaviridae	2	2	1.0
BMARK_RNA_VIRAL	vicat	family	Curvulaviridae	2	2	1.0
BMARK_RNA_VIRAL	vicat	family	Cystoviridae	6	6	1.0
BMARK_RNA_VIRAL	vicat	family	Deltaormycoviridae	2	1	0.5
BMARK_RNA_VIRAL	vicat	family	Discoviridae	3	3	1.0
BMARK_RNA_VIRAL	vicat	family	Dumbiviridae	2	2	1.0
BMARK_RNA_VIRAL	vicat	family	Endornaviridae	2	2	1.0
BMARK_RNA_VIRAL	vicat	family	Fiersviridae	24	24	1.0
BMARK_RNA_VIRAL	vicat	family	Fimoviridae	16	16	1.0
BMARK_RNA_VIRAL	vicat	family	Flaviviridae	2	2	1.0
BMARK_RNA_VIRAL	vicat	family	Fusagraviridae	3	3	1.0
BMARK_RNA_VIRAL	vicat	family	Fusariviridae	5	5	1.0
BMARK_RNA_VIRAL	vicat	family	Gammaormycoviridae	6	6	1.0
BMARK_RNA_VIRAL	vicat	family	Hantaviridae	15	15	1.0
BMARK_RNA_VIRAL	vicat	family	Hepaciviridae	2	2	1.0
BMARK_RNA_VIRAL	vicat	family	Hepeviridae	1	1	1.0
BMARK_RNA_VIRAL	vicat	family	Hypoviridae	2	2	1.0
BMARK_RNA_VIRAL	vicat	family	Inseviridae	3	3	1.0
BMARK_RNA_VIRAL	vicat	family	Kolmioviridae	12	12	1.0
BMARK_RNA_VIRAL	vicat	family	Konkoviridae	3	1	0.3333333333333333
BMARK_RNA_VIRAL	vicat	family	Lispiviridae	2	2	1.0
BMARK_RNA_VIRAL	vicat	family	Marnaviridae	2	2	1.0
BMARK_RNA_VIRAL	vicat	family	Mayoviridae	2	2	1.0
BMARK_RNA_VIRAL	vicat	family	Megabirnaviridae	4	3	0.75
BMARK_RNA_VIRAL	vicat	family	Metaviridae	6	2	0.3333333333333333
BMARK_RNA_VIRAL	vicat	family	Mitoviridae	4	4	1.0
BMARK_RNA_VIRAL	vicat	family	Mymonaviridae	2	2	1.0
BMARK_RNA_VIRAL	vicat	family	Mypoviridae	3	3	1.0
BMARK_RNA_VIRAL	vicat	family	Nairoviridae	6	6	1.0
BMARK_RNA_VIRAL	vicat	family	Nodaviridae	4	4	1.0
BMARK_RNA_VIRAL	vicat	family	Nyamiviridae	2	2	1.0
BMARK_RNA_VIRAL	vicat	family	Orthomyxoviridae	13	13	1.0
BMARK_RNA_VIRAL	vicat	family	Orthototiviridae	7	7	1.0
BMARK_RNA_VIRAL	vicat	family	Ourmiaviridae	2	2	1.0
BMARK_RNA_VIRAL	vicat	family	Paramyxoviridae	12	12	1.0
BMARK_RNA_VIRAL	vicat	family	Partitiviridae	16	16	1.0
BMARK_RNA_VIRAL	vicat	family	Peribunyaviridae	36	36	1.0
BMARK_RNA_VIRAL	vicat	family	Pestiviridae	2	2	1.0
BMARK_RNA_VIRAL	vicat	family	Phasmaviridae	15	15	1.0
BMARK_RNA_VIRAL	vicat	family	Phenuiviridae	118	117	0.9915254237288136
BMARK_RNA_VIRAL	vicat	family	Picornaviridae	5	5	1.0
BMARK_RNA_VIRAL	vicat	family	Pistolviridae	1	1	1.0
BMARK_RNA_VIRAL	vicat	family	Polycipiviridae	1	1	1.0
BMARK_RNA_VIRAL	vicat	family	Polymycoviridae	19	18	0.9473684210526315
BMARK_RNA_VIRAL	vicat	family	Pospiviroidae	12	0	0.0
BMARK_RNA_VIRAL	vicat	family	Potyviridae	17	17	1.0
BMARK_RNA_VIRAL	vicat	family	Pseudototiviridae	5	5	1.0
BMARK_RNA_VIRAL	vicat	family	Pseudoviridae	7	2	0.2857142857142857
BMARK_RNA_VIRAL	vicat	family	Qinviridae	2	2	1.0
BMARK_RNA_VIRAL	vicat	family	Quadriviridae	4	4	1.0
BMARK_RNA_VIRAL	vicat	family	Quambiviridae	1	1	1.0
BMARK_RNA_VIRAL	vicat	family	Retroviridae	16	16	1.0
BMARK_RNA_VIRAL	vicat	family	Rhabdoviridae	47	47	1.0
BMARK_RNA_VIRAL	vicat	family	Secoviridae	17	17	1.0
BMARK_RNA_VIRAL	vicat	family	Sedoreoviridae	74	73	0.9864864864864865
BMARK_RNA_VIRAL	vicat	family	Solemoviridae	9	9	1.0
BMARK_RNA_VIRAL	vicat	family	Solspiviridae	4	4	1.0
BMARK_RNA_VIRAL	vicat	family	Soropartitiviridae	2	1	0.5
BMARK_RNA_VIRAL	vicat	family	Spiciviridae	2	2	1.0
BMARK_RNA_VIRAL	vicat	family	Spinareoviridae	53	49	0.9245283018867925
BMARK_RNA_VIRAL	vicat	family	Splipalmiviridae	2	2	1.0
BMARK_RNA_VIRAL	vicat	family	Steitzviridae	49	49	1.0
BMARK_RNA_VIRAL	vicat	family	Tobaniviridae	1	1	1.0
BMARK_RNA_VIRAL	vicat	family	Togaviridae	2	2	1.0
BMARK_RNA_VIRAL	vicat	family	Tombusviridae	6	6	1.0
BMARK_RNA_VIRAL	vicat	family	Tosoviridae	2	2	1.0
BMARK_RNA_VIRAL	vicat	family	Tospoviridae	24	24	1.0
BMARK_RNA_VIRAL	vicat	family	Trimbiviridae	1	1	1.0
BMARK_RNA_VIRAL	vicat	family	Tulasviridae	1	1	1.0
BMARK_RNA_VIRAL	vicat	family	Tymoviridae	2	2	1.0
BMARK_RNA_VIRAL	vicat	family	Unambiviridae	1	1	1.0
BMARK_RNA_VIRAL	vicat	family	Virgaviridae	3	3	1.0
BMARK_RNA_VIRAL	vicat	family	Xinmoviridae	1	1	1.0
BMARK_RNA_VIRAL	vicat	family	Yadokariviridae	3	3	1.0
BMARK_RNA_VIRAL	vicat	genome_type	dsRNA	210	202	0.9619047619047619
BMARK_RNA_VIRAL	vicat	genome_type	ssRNA	42	25	0.5952380952380952
BMARK_RNA_VIRAL	vicat	genome_type	ssRNA(+)	221	221	1.0
BMARK_RNA_VIRAL	vicat	genome_type	ssRNA(+/-)	72	72	1.0
BMARK_RNA_VIRAL	vicat	genome_type	ssRNA(-)	202	199	0.9851485148514851
BMARK_RNA_VIRAL	vicat	genome_type	ssRNA(-); ssRNA(+/-)	94	94	1.0
BMARK_RNA_VIRAL	vicat	genome_type	ssRNA-RT	33	20	0.6060606060606061
BMARK_RNA_VIRAL	vicat	host_source	bacteria	37	36	0.972972972972973
BMARK_RNA_VIRAL	vicat	host_source	freshwater (S)	4	4	1.0
BMARK_RNA_VIRAL	vicat	host_source	fungi	104	98	0.9423076923076923
BMARK_RNA_VIRAL	vicat	host_source	invertebrates	111	100	0.9009009009009009
BMARK_RNA_VIRAL	vicat	host_source	invertebrates (S)	8	8	1.0
BMARK_RNA_VIRAL	vicat	host_source	invertebrates, plants	29	29	1.0
BMARK_RNA_VIRAL	vicat	host_source	invertebrates, vertebrates	155	154	0.9935483870967742
BMARK_RNA_VIRAL	vicat	host_source	marine (S)	2	2	1.0
BMARK_RNA_VIRAL	vicat	host_source	plants	153	134	0.8758169934640523
BMARK_RNA_VIRAL	vicat	host_source	plants (S)	2	2	1.0
BMARK_RNA_VIRAL	vicat	host_source	protists	9	8	0.8888888888888888
BMARK_RNA_VIRAL	vicat	host_source	protists (S)	6	5	0.8333333333333334
BMARK_RNA_VIRAL	vicat	host_source	soil (S)	63	63	1.0
BMARK_RNA_VIRAL	vicat	host_source	unknown (S)	6	6	1.0
BMARK_RNA_VIRAL	vicat	host_source	vertebrates	185	184	0.9945945945945946
BMARK_RNA_VIRAL	virbot	family	Alphaflexiviridae	2	2	1.0
BMARK_RNA_VIRAL	virbot	family	Alphaormycoviridae	4	0	0.0
BMARK_RNA_VIRAL	virbot	family	Alvernaviridae	1	1	1.0
BMARK_RNA_VIRAL	virbot	family	Amalgaviridae	5	5	1.0
BMARK_RNA_VIRAL	virbot	family	Ambiguiviridae	3	3	1.0
BMARK_RNA_VIRAL	virbot	family	Arenaviridae	37	37	1.0
BMARK_RNA_VIRAL	virbot	family	Arteriviridae	1	1	1.0
BMARK_RNA_VIRAL	virbot	family	Artiviridae	2	2	1.0
BMARK_RNA_VIRAL	virbot	family	Artoviridae	1	1	1.0
BMARK_RNA_VIRAL	virbot	family	Atkinsviridae	10	10	1.0
BMARK_RNA_VIRAL	virbot	family	Avsunviroidae	2	0	0.0
BMARK_RNA_VIRAL	virbot	family	Belpaoviridae	4	0	0.0
BMARK_RNA_VIRAL	virbot	family	Betaflexiviridae	9	9	1.0
BMARK_RNA_VIRAL	virbot	family	Betaormycoviridae	4	0	0.0
BMARK_RNA_VIRAL	virbot	family	Botourmiaviridae	7	7	1.0
BMARK_RNA_VIRAL	virbot	family	Botybirnaviridae	2	2	1.0
BMARK_RNA_VIRAL	virbot	family	Bromoviridae	6	6	1.0
BMARK_RNA_VIRAL	virbot	family	Chuviridae	2	2	1.0
BMARK_RNA_VIRAL	virbot	family	Closteroviridae	5	5	1.0
BMARK_RNA_VIRAL	virbot	family	Coronaviridae	2	2	1.0
BMARK_RNA_VIRAL	virbot	family	Curvulaviridae	2	2	1.0
BMARK_RNA_VIRAL	virbot	family	Cystoviridae	6	3	0.5
BMARK_RNA_VIRAL	virbot	family	Deltaormycoviridae	2	0	0.0
BMARK_RNA_VIRAL	virbot	family	Discoviridae	3	1	0.3333333333333333
BMARK_RNA_VIRAL	virbot	family	Dumbiviridae	2	0	0.0
BMARK_RNA_VIRAL	virbot	family	Endornaviridae	2	2	1.0
BMARK_RNA_VIRAL	virbot	family	Fiersviridae	24	24	1.0
BMARK_RNA_VIRAL	virbot	family	Fimoviridae	16	16	1.0
BMARK_RNA_VIRAL	virbot	family	Flaviviridae	2	2	1.0
BMARK_RNA_VIRAL	virbot	family	Fusagraviridae	3	3	1.0
BMARK_RNA_VIRAL	virbot	family	Fusariviridae	5	5	1.0
BMARK_RNA_VIRAL	virbot	family	Gammaormycoviridae	6	0	0.0
BMARK_RNA_VIRAL	virbot	family	Hantaviridae	15	15	1.0
BMARK_RNA_VIRAL	virbot	family	Hepaciviridae	2	2	1.0
BMARK_RNA_VIRAL	virbot	family	Hepeviridae	1	1	1.0
BMARK_RNA_VIRAL	virbot	family	Hypoviridae	2	2	1.0
BMARK_RNA_VIRAL	virbot	family	Inseviridae	3	3	1.0
BMARK_RNA_VIRAL	virbot	family	Kolmioviridae	12	0	0.0
BMARK_RNA_VIRAL	virbot	family	Konkoviridae	3	2	0.6666666666666666
BMARK_RNA_VIRAL	virbot	family	Lispiviridae	2	2	1.0
BMARK_RNA_VIRAL	virbot	family	Marnaviridae	2	2	1.0
BMARK_RNA_VIRAL	virbot	family	Mayoviridae	2	1	0.5
BMARK_RNA_VIRAL	virbot	family	Megabirnaviridae	4	3	0.75
BMARK_RNA_VIRAL	virbot	family	Metaviridae	6	0	0.0
BMARK_RNA_VIRAL	virbot	family	Mitoviridae	4	3	0.75
BMARK_RNA_VIRAL	virbot	family	Mymonaviridae	2	2	1.0
BMARK_RNA_VIRAL	virbot	family	Mypoviridae	3	1	0.3333333333333333
BMARK_RNA_VIRAL	virbot	family	Nairoviridae	6	6	1.0
BMARK_RNA_VIRAL	virbot	family	Nodaviridae	4	4	1.0
BMARK_RNA_VIRAL	virbot	family	Nyamiviridae	2	2	1.0
BMARK_RNA_VIRAL	virbot	family	Orthomyxoviridae	13	12	0.9230769230769231
BMARK_RNA_VIRAL	virbot	family	Orthototiviridae	7	7	1.0
BMARK_RNA_VIRAL	virbot	family	Ourmiaviridae	2	2	1.0
BMARK_RNA_VIRAL	virbot	family	Paramyxoviridae	12	12	1.0
BMARK_RNA_VIRAL	virbot	family	Partitiviridae	16	15	0.9375
BMARK_RNA_VIRAL	virbot	family	Peribunyaviridae	36	36	1.0
BMARK_RNA_VIRAL	virbot	family	Pestiviridae	2	2	1.0
BMARK_RNA_VIRAL	virbot	family	Phasmaviridae	15	12	0.8
BMARK_RNA_VIRAL	virbot	family	Phenuiviridae	118	112	0.9491525423728814
BMARK_RNA_VIRAL	virbot	family	Picornaviridae	5	5	1.0
BMARK_RNA_VIRAL	virbot	family	Pistolviridae	1	1	1.0
BMARK_RNA_VIRAL	virbot	family	Polycipiviridae	1	1	1.0
BMARK_RNA_VIRAL	virbot	family	Polymycoviridae	19	16	0.8421052631578947
BMARK_RNA_VIRAL	virbot	family	Pospiviroidae	12	0	0.0
BMARK_RNA_VIRAL	virbot	family	Potyviridae	17	17	1.0
BMARK_RNA_VIRAL	virbot	family	Pseudototiviridae	5	5	1.0
BMARK_RNA_VIRAL	virbot	family	Pseudoviridae	7	0	0.0
BMARK_RNA_VIRAL	virbot	family	Qinviridae	2	2	1.0
BMARK_RNA_VIRAL	virbot	family	Quadriviridae	4	1	0.25
BMARK_RNA_VIRAL	virbot	family	Quambiviridae	1	0	0.0
BMARK_RNA_VIRAL	virbot	family	Retroviridae	16	15	0.9375
BMARK_RNA_VIRAL	virbot	family	Rhabdoviridae	47	47	1.0
BMARK_RNA_VIRAL	virbot	family	Secoviridae	17	16	0.9411764705882353
BMARK_RNA_VIRAL	virbot	family	Sedoreoviridae	74	64	0.8648648648648649
BMARK_RNA_VIRAL	virbot	family	Solemoviridae	9	9	1.0
BMARK_RNA_VIRAL	virbot	family	Solspiviridae	4	4	1.0
BMARK_RNA_VIRAL	virbot	family	Soropartitiviridae	2	1	0.5
BMARK_RNA_VIRAL	virbot	family	Spiciviridae	2	2	1.0
BMARK_RNA_VIRAL	virbot	family	Spinareoviridae	53	38	0.7169811320754716
BMARK_RNA_VIRAL	virbot	family	Splipalmiviridae	2	0	0.0
BMARK_RNA_VIRAL	virbot	family	Steitzviridae	49	49	1.0
BMARK_RNA_VIRAL	virbot	family	Tobaniviridae	1	1	1.0
BMARK_RNA_VIRAL	virbot	family	Togaviridae	2	2	1.0
BMARK_RNA_VIRAL	virbot	family	Tombusviridae	6	6	1.0
BMARK_RNA_VIRAL	virbot	family	Tosoviridae	2	0	0.0
BMARK_RNA_VIRAL	virbot	family	Tospoviridae	24	24	1.0
BMARK_RNA_VIRAL	virbot	family	Trimbiviridae	1	0	0.0
BMARK_RNA_VIRAL	virbot	family	Tulasviridae	1	0	0.0
BMARK_RNA_VIRAL	virbot	family	Tymoviridae	2	2	1.0
BMARK_RNA_VIRAL	virbot	family	Unambiviridae	1	0	0.0
BMARK_RNA_VIRAL	virbot	family	Virgaviridae	3	3	1.0
BMARK_RNA_VIRAL	virbot	family	Xinmoviridae	1	1	1.0
BMARK_RNA_VIRAL	virbot	family	Yadokariviridae	3	3	1.0
BMARK_RNA_VIRAL	virbot	genome_type	dsRNA	210	173	0.8238095238095238
BMARK_RNA_VIRAL	virbot	genome_type	ssRNA	42	11	0.2619047619047619
BMARK_RNA_VIRAL	virbot	genome_type	ssRNA(+)	221	216	0.9773755656108597
BMARK_RNA_VIRAL	virbot	genome_type	ssRNA(+/-)	72	63	0.875
BMARK_RNA_VIRAL	virbot	genome_type	ssRNA(-)	202	178	0.8811881188118812
BMARK_RNA_VIRAL	virbot	genome_type	ssRNA(-); ssRNA(+/-)	94	93	0.9893617021276596
BMARK_RNA_VIRAL	virbot	genome_type	ssRNA-RT	33	15	0.45454545454545453
BMARK_RNA_VIRAL	virbot	host_source	bacteria	37	33	0.8918918918918919
BMARK_RNA_VIRAL	virbot	host_source	freshwater (S)	4	4	1.0
BMARK_RNA_VIRAL	virbot	host_source	fungi	104	72	0.6923076923076923
BMARK_RNA_VIRAL	virbot	host_source	invertebrates	111	90	0.8108108108108109
BMARK_RNA_VIRAL	virbot	host_source	invertebrates (S)	8	8	1.0
BMARK_RNA_VIRAL	virbot	host_source	invertebrates, plants	29	28	0.9655172413793104
BMARK_RNA_VIRAL	virbot	host_source	invertebrates, vertebrates	155	141	0.9096774193548387
BMARK_RNA_VIRAL	virbot	host_source	marine (S)	2	2	1.0
BMARK_RNA_VIRAL	virbot	host_source	plants	153	131	0.8562091503267973
BMARK_RNA_VIRAL	virbot	host_source	plants (S)	2	2	1.0
BMARK_RNA_VIRAL	virbot	host_source	protists	9	5	0.5555555555555556
BMARK_RNA_VIRAL	virbot	host_source	protists (S)	6	0	0.0
BMARK_RNA_VIRAL	virbot	host_source	soil (S)	63	63	1.0
BMARK_RNA_VIRAL	virbot	host_source	unknown (S)	6	6	1.0
BMARK_RNA_VIRAL	virbot	host_source	vertebrates	185	164	0.8864864864864865
BMARK_RNA_VIRAL	virsorter2	family	Alphaflexiviridae	2	2	1.0
BMARK_RNA_VIRAL	virsorter2	family	Alphaormycoviridae	4	0	0.0
BMARK_RNA_VIRAL	virsorter2	family	Alvernaviridae	1	1	1.0
BMARK_RNA_VIRAL	virsorter2	family	Amalgaviridae	5	5	1.0
BMARK_RNA_VIRAL	virsorter2	family	Ambiguiviridae	3	3	1.0
BMARK_RNA_VIRAL	virsorter2	family	Arenaviridae	37	5	0.13513513513513514
BMARK_RNA_VIRAL	virsorter2	family	Arteriviridae	1	1	1.0
BMARK_RNA_VIRAL	virsorter2	family	Artiviridae	2	2	1.0
BMARK_RNA_VIRAL	virsorter2	family	Artoviridae	1	1	1.0
BMARK_RNA_VIRAL	virsorter2	family	Atkinsviridae	10	10	1.0
BMARK_RNA_VIRAL	virsorter2	family	Avsunviroidae	2	0	0.0
BMARK_RNA_VIRAL	virsorter2	family	Belpaoviridae	4	0	0.0
BMARK_RNA_VIRAL	virsorter2	family	Betaflexiviridae	9	9	1.0
BMARK_RNA_VIRAL	virsorter2	family	Betaormycoviridae	4	0	0.0
BMARK_RNA_VIRAL	virsorter2	family	Botourmiaviridae	7	3	0.42857142857142855
BMARK_RNA_VIRAL	virsorter2	family	Botybirnaviridae	2	1	0.5
BMARK_RNA_VIRAL	virsorter2	family	Bromoviridae	6	2	0.3333333333333333
BMARK_RNA_VIRAL	virsorter2	family	Chuviridae	2	2	1.0
BMARK_RNA_VIRAL	virsorter2	family	Closteroviridae	5	4	0.8
BMARK_RNA_VIRAL	virsorter2	family	Coronaviridae	2	2	1.0
BMARK_RNA_VIRAL	virsorter2	family	Curvulaviridae	2	1	0.5
BMARK_RNA_VIRAL	virsorter2	family	Cystoviridae	6	3	0.5
BMARK_RNA_VIRAL	virsorter2	family	Deltaormycoviridae	2	0	0.0
BMARK_RNA_VIRAL	virsorter2	family	Discoviridae	3	1	0.3333333333333333
BMARK_RNA_VIRAL	virsorter2	family	Dumbiviridae	2	0	0.0
BMARK_RNA_VIRAL	virsorter2	family	Endornaviridae	2	0	0.0
BMARK_RNA_VIRAL	virsorter2	family	Fiersviridae	24	24	1.0
BMARK_RNA_VIRAL	virsorter2	family	Fimoviridae	16	0	0.0
BMARK_RNA_VIRAL	virsorter2	family	Flaviviridae	2	0	0.0
BMARK_RNA_VIRAL	virsorter2	family	Fusagraviridae	3	3	1.0
BMARK_RNA_VIRAL	virsorter2	family	Fusariviridae	5	5	1.0
BMARK_RNA_VIRAL	virsorter2	family	Gammaormycoviridae	6	0	0.0
BMARK_RNA_VIRAL	virsorter2	family	Hantaviridae	15	0	0.0
BMARK_RNA_VIRAL	virsorter2	family	Hepaciviridae	2	1	0.5
BMARK_RNA_VIRAL	virsorter2	family	Hepeviridae	1	1	1.0
BMARK_RNA_VIRAL	virsorter2	family	Hypoviridae	2	0	0.0
BMARK_RNA_VIRAL	virsorter2	family	Inseviridae	3	3	1.0
BMARK_RNA_VIRAL	virsorter2	family	Kolmioviridae	12	0	0.0
BMARK_RNA_VIRAL	virsorter2	family	Konkoviridae	3	0	0.0
BMARK_RNA_VIRAL	virsorter2	family	Lispiviridae	2	2	1.0
BMARK_RNA_VIRAL	virsorter2	family	Marnaviridae	2	2	1.0
BMARK_RNA_VIRAL	virsorter2	family	Mayoviridae	2	1	0.5
BMARK_RNA_VIRAL	virsorter2	family	Megabirnaviridae	4	3	0.75
BMARK_RNA_VIRAL	virsorter2	family	Metaviridae	6	1	0.16666666666666666
BMARK_RNA_VIRAL	virsorter2	family	Mitoviridae	4	0	0.0
BMARK_RNA_VIRAL	virsorter2	family	Mymonaviridae	2	1	0.5
BMARK_RNA_VIRAL	virsorter2	family	Mypoviridae	3	0	0.0
BMARK_RNA_VIRAL	virsorter2	family	Nairoviridae	6	0	0.0
BMARK_RNA_VIRAL	virsorter2	family	Nodaviridae	4	0	0.0
BMARK_RNA_VIRAL	virsorter2	family	Nyamiviridae	2	2	1.0
BMARK_RNA_VIRAL	virsorter2	family	Orthomyxoviridae	13	0	0.0
BMARK_RNA_VIRAL	virsorter2	family	Orthototiviridae	7	7	1.0
BMARK_RNA_VIRAL	virsorter2	family	Ourmiaviridae	2	0	0.0
BMARK_RNA_VIRAL	virsorter2	family	Paramyxoviridae	12	12	1.0
BMARK_RNA_VIRAL	virsorter2	family	Partitiviridae	16	2	0.125
BMARK_RNA_VIRAL	virsorter2	family	Peribunyaviridae	36	1	0.027777777777777776
BMARK_RNA_VIRAL	virsorter2	family	Pestiviridae	2	1	0.5
BMARK_RNA_VIRAL	virsorter2	family	Phasmaviridae	15	0	0.0
BMARK_RNA_VIRAL	virsorter2	family	Phenuiviridae	118	2	0.01694915254237288
BMARK_RNA_VIRAL	virsorter2	family	Picornaviridae	5	2	0.4
BMARK_RNA_VIRAL	virsorter2	family	Pistolviridae	1	1	1.0
BMARK_RNA_VIRAL	virsorter2	family	Polycipiviridae	1	1	1.0
BMARK_RNA_VIRAL	virsorter2	family	Polymycoviridae	19	1	0.05263157894736842
BMARK_RNA_VIRAL	virsorter2	family	Pospiviroidae	12	0	0.0
BMARK_RNA_VIRAL	virsorter2	family	Potyviridae	17	5	0.29411764705882354
BMARK_RNA_VIRAL	virsorter2	family	Pseudototiviridae	5	5	1.0
BMARK_RNA_VIRAL	virsorter2	family	Pseudoviridae	7	0	0.0
BMARK_RNA_VIRAL	virsorter2	family	Qinviridae	2	0	0.0
BMARK_RNA_VIRAL	virsorter2	family	Quadriviridae	4	0	0.0
BMARK_RNA_VIRAL	virsorter2	family	Quambiviridae	1	0	0.0
BMARK_RNA_VIRAL	virsorter2	family	Retroviridae	16	9	0.5625
BMARK_RNA_VIRAL	virsorter2	family	Rhabdoviridae	47	43	0.9148936170212766
BMARK_RNA_VIRAL	virsorter2	family	Secoviridae	17	6	0.35294117647058826
BMARK_RNA_VIRAL	virsorter2	family	Sedoreoviridae	74	0	0.0
BMARK_RNA_VIRAL	virsorter2	family	Solemoviridae	9	8	0.8888888888888888
BMARK_RNA_VIRAL	virsorter2	family	Solspiviridae	4	4	1.0
BMARK_RNA_VIRAL	virsorter2	family	Soropartitiviridae	2	0	0.0
BMARK_RNA_VIRAL	virsorter2	family	Spiciviridae	2	2	1.0
BMARK_RNA_VIRAL	virsorter2	family	Spinareoviridae	53	1	0.018867924528301886
BMARK_RNA_VIRAL	virsorter2	family	Splipalmiviridae	2	0	0.0
BMARK_RNA_VIRAL	virsorter2	family	Steitzviridae	49	49	1.0
BMARK_RNA_VIRAL	virsorter2	family	Tobaniviridae	1	1	1.0
BMARK_RNA_VIRAL	virsorter2	family	Togaviridae	2	2	1.0
BMARK_RNA_VIRAL	virsorter2	family	Tombusviridae	6	6	1.0
BMARK_RNA_VIRAL	virsorter2	family	Tosoviridae	2	0	0.0
BMARK_RNA_VIRAL	virsorter2	family	Tospoviridae	24	3	0.125
BMARK_RNA_VIRAL	virsorter2	family	Trimbiviridae	1	0	0.0
BMARK_RNA_VIRAL	virsorter2	family	Tulasviridae	1	1	1.0
BMARK_RNA_VIRAL	virsorter2	family	Tymoviridae	2	2	1.0
BMARK_RNA_VIRAL	virsorter2	family	Unambiviridae	1	0	0.0
BMARK_RNA_VIRAL	virsorter2	family	Virgaviridae	3	1	0.3333333333333333
BMARK_RNA_VIRAL	virsorter2	family	Xinmoviridae	1	1	1.0
BMARK_RNA_VIRAL	virsorter2	family	Yadokariviridae	3	2	0.6666666666666666
BMARK_RNA_VIRAL	virsorter2	genome_type	dsRNA	210	40	0.19047619047619047
BMARK_RNA_VIRAL	virsorter2	genome_type	ssRNA	42	0	0.0
BMARK_RNA_VIRAL	virsorter2	genome_type	ssRNA(+)	221	161	0.7285067873303167
BMARK_RNA_VIRAL	virsorter2	genome_type	ssRNA(+/-)	72	10	0.1388888888888889
BMARK_RNA_VIRAL	virsorter2	genome_type	ssRNA(-)	202	67	0.3316831683168317
BMARK_RNA_VIRAL	virsorter2	genome_type	ssRNA(-); ssRNA(+/-)	94	0	0.0
BMARK_RNA_VIRAL	virsorter2	genome_type	ssRNA-RT	33	10	0.30303030303030304
BMARK_RNA_VIRAL	virsorter2	host_source	bacteria	37	32	0.8648648648648649
BMARK_RNA_VIRAL	virsorter2	host_source	freshwater (S)	4	0	0.0
BMARK_RNA_VIRAL	virsorter2	host_source	fungi	104	37	0.3557692307692308
BMARK_RNA_VIRAL	virsorter2	host_source	invertebrates	111	33	0.2972972972972973
BMARK_RNA_VIRAL	virsorter2	host_source	invertebrates (S)	8	2	0.25
BMARK_RNA_VIRAL	virsorter2	host_source	invertebrates, plants	29	3	0.10344827586206896
BMARK_RNA_VIRAL	virsorter2	host_source	invertebrates, vertebrates	155	8	0.05161290322580645
BMARK_RNA_VIRAL	virsorter2	host_source	marine (S)	2	2	1.0
BMARK_RNA_VIRAL	virsorter2	host_source	plants	153	66	0.43137254901960786
BMARK_RNA_VIRAL	virsorter2	host_source	plants (S)	2	2	1.0
BMARK_RNA_VIRAL	virsorter2	host_source	protists	9	2	0.2222222222222222
BMARK_RNA_VIRAL	virsorter2	host_source	protists (S)	6	0	0.0
BMARK_RNA_VIRAL	virsorter2	host_source	soil (S)	63	56	0.8888888888888888
BMARK_RNA_VIRAL	virsorter2	host_source	unknown (S)	6	2	0.3333333333333333
BMARK_RNA_VIRAL	virsorter2	host_source	vertebrates	185	43	0.23243243243243245
BMARK_RNA_VIRAL	virsorter2_native	family	Alphaflexiviridae	2	2	1.0
BMARK_RNA_VIRAL	virsorter2_native	family	Alphaormycoviridae	4	0	0.0
BMARK_RNA_VIRAL	virsorter2_native	family	Alvernaviridae	1	1	1.0
BMARK_RNA_VIRAL	virsorter2_native	family	Amalgaviridae	5	5	1.0
BMARK_RNA_VIRAL	virsorter2_native	family	Ambiguiviridae	3	3	1.0
BMARK_RNA_VIRAL	virsorter2_native	family	Arenaviridae	37	18	0.4864864864864865
BMARK_RNA_VIRAL	virsorter2_native	family	Arteriviridae	1	1	1.0
BMARK_RNA_VIRAL	virsorter2_native	family	Artiviridae	2	2	1.0
BMARK_RNA_VIRAL	virsorter2_native	family	Artoviridae	1	1	1.0
BMARK_RNA_VIRAL	virsorter2_native	family	Atkinsviridae	10	10	1.0
BMARK_RNA_VIRAL	virsorter2_native	family	Avsunviroidae	2	0	0.0
BMARK_RNA_VIRAL	virsorter2_native	family	Belpaoviridae	4	0	0.0
BMARK_RNA_VIRAL	virsorter2_native	family	Betaflexiviridae	9	9	1.0
BMARK_RNA_VIRAL	virsorter2_native	family	Betaormycoviridae	4	0	0.0
BMARK_RNA_VIRAL	virsorter2_native	family	Botourmiaviridae	7	6	0.8571428571428571
BMARK_RNA_VIRAL	virsorter2_native	family	Botybirnaviridae	2	1	0.5
BMARK_RNA_VIRAL	virsorter2_native	family	Bromoviridae	6	2	0.3333333333333333
BMARK_RNA_VIRAL	virsorter2_native	family	Chuviridae	2	2	1.0
BMARK_RNA_VIRAL	virsorter2_native	family	Closteroviridae	5	4	0.8
BMARK_RNA_VIRAL	virsorter2_native	family	Coronaviridae	2	2	1.0
BMARK_RNA_VIRAL	virsorter2_native	family	Curvulaviridae	2	1	0.5
BMARK_RNA_VIRAL	virsorter2_native	family	Cystoviridae	6	3	0.5
BMARK_RNA_VIRAL	virsorter2_native	family	Deltaormycoviridae	2	0	0.0
BMARK_RNA_VIRAL	virsorter2_native	family	Discoviridae	3	1	0.3333333333333333
BMARK_RNA_VIRAL	virsorter2_native	family	Dumbiviridae	2	0	0.0
BMARK_RNA_VIRAL	virsorter2_native	family	Endornaviridae	2	2	1.0
BMARK_RNA_VIRAL	virsorter2_native	family	Fiersviridae	24	24	1.0
BMARK_RNA_VIRAL	virsorter2_native	family	Fimoviridae	16	3	0.1875
BMARK_RNA_VIRAL	virsorter2_native	family	Flaviviridae	2	2	1.0
BMARK_RNA_VIRAL	virsorter2_native	family	Fusagraviridae	3	3	1.0
BMARK_RNA_VIRAL	virsorter2_native	family	Fusariviridae	5	5	1.0
BMARK_RNA_VIRAL	virsorter2_native	family	Gammaormycoviridae	6	0	0.0
BMARK_RNA_VIRAL	virsorter2_native	family	Hantaviridae	15	4	0.26666666666666666
BMARK_RNA_VIRAL	virsorter2_native	family	Hepaciviridae	2	2	1.0
BMARK_RNA_VIRAL	virsorter2_native	family	Hepeviridae	1	1	1.0
BMARK_RNA_VIRAL	virsorter2_native	family	Hypoviridae	2	2	1.0
BMARK_RNA_VIRAL	virsorter2_native	family	Inseviridae	3	3	1.0
BMARK_RNA_VIRAL	virsorter2_native	family	Kolmioviridae	12	0	0.0
BMARK_RNA_VIRAL	virsorter2_native	family	Konkoviridae	3	1	0.3333333333333333
BMARK_RNA_VIRAL	virsorter2_native	family	Lispiviridae	2	2	1.0
BMARK_RNA_VIRAL	virsorter2_native	family	Marnaviridae	2	2	1.0
BMARK_RNA_VIRAL	virsorter2_native	family	Mayoviridae	2	1	0.5
BMARK_RNA_VIRAL	virsorter2_native	family	Megabirnaviridae	4	3	0.75
BMARK_RNA_VIRAL	virsorter2_native	family	Metaviridae	6	1	0.16666666666666666
BMARK_RNA_VIRAL	virsorter2_native	family	Mitoviridae	4	0	0.0
BMARK_RNA_VIRAL	virsorter2_native	family	Mymonaviridae	2	1	0.5
BMARK_RNA_VIRAL	virsorter2_native	family	Mypoviridae	3	1	0.3333333333333333
BMARK_RNA_VIRAL	virsorter2_native	family	Nairoviridae	6	2	0.3333333333333333
BMARK_RNA_VIRAL	virsorter2_native	family	Nodaviridae	4	2	0.5
BMARK_RNA_VIRAL	virsorter2_native	family	Nyamiviridae	2	2	1.0
BMARK_RNA_VIRAL	virsorter2_native	family	Orthomyxoviridae	13	2	0.15384615384615385
BMARK_RNA_VIRAL	virsorter2_native	family	Orthototiviridae	7	7	1.0
BMARK_RNA_VIRAL	virsorter2_native	family	Ourmiaviridae	2	2	1.0
BMARK_RNA_VIRAL	virsorter2_native	family	Paramyxoviridae	12	12	1.0
BMARK_RNA_VIRAL	virsorter2_native	family	Partitiviridae	16	8	0.5
BMARK_RNA_VIRAL	virsorter2_native	family	Peribunyaviridae	36	12	0.3333333333333333
BMARK_RNA_VIRAL	virsorter2_native	family	Pestiviridae	2	1	0.5
BMARK_RNA_VIRAL	virsorter2_native	family	Phasmaviridae	15	4	0.26666666666666666
BMARK_RNA_VIRAL	virsorter2_native	family	Phenuiviridae	118	41	0.3474576271186441
BMARK_RNA_VIRAL	virsorter2_native	family	Picornaviridae	5	5	1.0
BMARK_RNA_VIRAL	virsorter2_native	family	Pistolviridae	1	1	1.0
BMARK_RNA_VIRAL	virsorter2_native	family	Polycipiviridae	1	1	1.0
BMARK_RNA_VIRAL	virsorter2_native	family	Polymycoviridae	19	4	0.21052631578947367
BMARK_RNA_VIRAL	virsorter2_native	family	Pospiviroidae	12	0	0.0
BMARK_RNA_VIRAL	virsorter2_native	family	Potyviridae	17	15	0.8823529411764706
BMARK_RNA_VIRAL	virsorter2_native	family	Pseudototiviridae	5	5	1.0
BMARK_RNA_VIRAL	virsorter2_native	family	Pseudoviridae	7	0	0.0
BMARK_RNA_VIRAL	virsorter2_native	family	Qinviridae	2	1	0.5
BMARK_RNA_VIRAL	virsorter2_native	family	Quadriviridae	4	1	0.25
BMARK_RNA_VIRAL	virsorter2_native	family	Quambiviridae	1	0	0.0
BMARK_RNA_VIRAL	virsorter2_native	family	Retroviridae	16	9	0.5625
BMARK_RNA_VIRAL	virsorter2_native	family	Rhabdoviridae	47	44	0.9361702127659575
BMARK_RNA_VIRAL	virsorter2_native	family	Secoviridae	17	10	0.5882352941176471
BMARK_RNA_VIRAL	virsorter2_native	family	Sedoreoviridae	74	7	0.0945945945945946
BMARK_RNA_VIRAL	virsorter2_native	family	Solemoviridae	9	8	0.8888888888888888
BMARK_RNA_VIRAL	virsorter2_native	family	Solspiviridae	4	4	1.0
BMARK_RNA_VIRAL	virsorter2_native	family	Soropartitiviridae	2	1	0.5
BMARK_RNA_VIRAL	virsorter2_native	family	Spiciviridae	2	2	1.0
BMARK_RNA_VIRAL	virsorter2_native	family	Spinareoviridae	53	5	0.09433962264150944
BMARK_RNA_VIRAL	virsorter2_native	family	Splipalmiviridae	2	0	0.0
BMARK_RNA_VIRAL	virsorter2_native	family	Steitzviridae	49	49	1.0
BMARK_RNA_VIRAL	virsorter2_native	family	Tobaniviridae	1	1	1.0
BMARK_RNA_VIRAL	virsorter2_native	family	Togaviridae	2	2	1.0
BMARK_RNA_VIRAL	virsorter2_native	family	Tombusviridae	6	6	1.0
BMARK_RNA_VIRAL	virsorter2_native	family	Tosoviridae	2	0	0.0
BMARK_RNA_VIRAL	virsorter2_native	family	Tospoviridae	24	8	0.3333333333333333
BMARK_RNA_VIRAL	virsorter2_native	family	Trimbiviridae	1	0	0.0
BMARK_RNA_VIRAL	virsorter2_native	family	Tulasviridae	1	1	1.0
BMARK_RNA_VIRAL	virsorter2_native	family	Tymoviridae	2	2	1.0
BMARK_RNA_VIRAL	virsorter2_native	family	Unambiviridae	1	0	0.0
BMARK_RNA_VIRAL	virsorter2_native	family	Virgaviridae	3	1	0.3333333333333333
BMARK_RNA_VIRAL	virsorter2_native	family	Xinmoviridae	1	1	1.0
BMARK_RNA_VIRAL	virsorter2_native	family	Yadokariviridae	3	3	1.0
BMARK_RNA_VIRAL	virsorter2_native	genome_type	dsRNA	210	62	0.29523809523809524
BMARK_RNA_VIRAL	virsorter2_native	genome_type	ssRNA	42	4	0.09523809523809523
BMARK_RNA_VIRAL	virsorter2_native	genome_type	ssRNA(+)	221	193	0.8733031674208145
BMARK_RNA_VIRAL	virsorter2_native	genome_type	ssRNA(+/-)	72	29	0.4027777777777778
BMARK_RNA_VIRAL	virsorter2_native	genome_type	ssRNA(-)	202	99	0.4900990099009901
BMARK_RNA_VIRAL	virsorter2_native	genome_type	ssRNA(-); ssRNA(+/-)	94	32	0.3404255319148936
BMARK_RNA_VIRAL	virsorter2_native	genome_type	ssRNA-RT	33	10	0.30303030303030304
BMARK_RNA_VIRAL	virsorter2_native	host_source	bacteria	37	33	0.8918918918918919
BMARK_RNA_VIRAL	virsorter2_native	host_source	freshwater (S)	4	2	0.5
BMARK_RNA_VIRAL	virsorter2_native	host_source	fungi	104	49	0.47115384615384615
BMARK_RNA_VIRAL	virsorter2_native	host_source	invertebrates	111	53	0.4774774774774775
BMARK_RNA_VIRAL	virsorter2_native	host_source	invertebrates (S)	8	4	0.5
BMARK_RNA_VIRAL	virsorter2_native	host_source	invertebrates, plants	29	9	0.3103448275862069
BMARK_RNA_VIRAL	virsorter2_native	host_source	invertebrates, vertebrates	155	42	0.2709677419354839
BMARK_RNA_VIRAL	virsorter2_native	host_source	marine (S)	2	2	1.0
BMARK_RNA_VIRAL	virsorter2_native	host_source	plants	153	91	0.5947712418300654
BMARK_RNA_VIRAL	virsorter2_native	host_source	plants (S)	2	2	1.0
BMARK_RNA_VIRAL	virsorter2_native	host_source	protists	9	3	0.3333333333333333
BMARK_RNA_VIRAL	virsorter2_native	host_source	protists (S)	6	0	0.0
BMARK_RNA_VIRAL	virsorter2_native	host_source	soil (S)	63	60	0.9523809523809523
BMARK_RNA_VIRAL	virsorter2_native	host_source	unknown (S)	6	5	0.8333333333333334
BMARK_RNA_VIRAL	virsorter2_native	host_source	vertebrates	185	74	0.4
